title,slug
SONY DSC,sony-dsc-2
1618452_722658927765891_1942105744_n,1618452_722658927765891_1942105744_n
1779104_722658917765892_85651100_n,1779104_722658917765892_85651100_n
yamakasa,yamakasa
salon-banner_ikeda-hayato,salon-banner_ikeda-hayato
masaya,masaya
inatabi-logo,inatabi-logo
inatabi,inatabi
inatabi,inatabi-2
cropped-inatabi-top.jpg,cropped-inatabi-top-jpg
スクリーンショット 2016-01-15 午後7.49.57,attachment-0
スクリーンショット 2016-01-15 午後11.44.02,attachment-0
thai,thai
thai2,thai2
thai3,thai3
thai4,thai4
thai5,thai5
thai6,thai6
CY2K0rvUkAA0clt,cy2k0rvukaa0clt
CY2K0ruUQAA2fmU,cy2k0ruuqaa2fmu
7948652760_7ca218d18c_z,7948652760_7ca218d18c_z
7852011744_7c2a1903e5_z,7852011744_7c2a1903e5_z
youtube-logo,youtube-logo
6793826885_d3b6befb99_z,6793826885_d3b6befb99_z
Fukuoka-International,fukuoka-international
fukuoka-group,fukuoka-group
Ryugakunomi,ryugakunomi
root,root
Fukuoka-International,fukuoka-international-2
madori,madori
構想,attachment-0
clock,clock
kaine,kaine-2
kaine-logo,kaine-logo
tabicolle,tabicolle
tabicolle-logo,tabicolle-logo
hana-logo,hana-logo
costel,costel
costel-logo,costel-logo
takataniya-logo,takataniya-logo
nakaima,nakaima
nakaima-logo,nakaima-logo
face,face
face-logo,face-logo
hokolobi,hokolobi
hokorobi-logo,hokorobi-logo
sharelytop,sharelytop
sharely,sharely
tunnel-logo,tunnel-logo
tunnel,tunnel
littleasia-top,littleasia-top
littleasia,littleasia
tangatable,tangatable
tangatable-logo,tangatable-logo
kawanoji,kawanoji
before,before
after01,after01
after02,after02
kiwi,kiwi
gohan,gohan
inter-banner-compressor,inter-banner-compressor
tool-banner-compressor,tool-banner-compressor
inaka-banner-compressor,inaka-banner-compressor
guesthouse-banner,guesthouse-banner
absinthe9,absinthe9
absinthe8,absinthe8
absinthe7,absinthe7
absinthe6,absinthe6
absinthe5,absinthe5
absinthe4,absinthe4
absinthe3,absinthe3
absinthe2,absinthe2
absinthe1,absinthe1
futurework,futurework
worldjourney,worldjourney
hktseminar,hktseminar
fukuokaken,fukuokaken
fukuokau23,fukuokau23
tipi,tipi-2
tipi2,tipi2
cosmopolitan,cosmopolitan
bunka,bunka
exchange,exchange
smiley,smiley
attaka,attaka
yoga,yoga
friends,friends
img_0177,img_0177
img_0202,img_0202
img_0198,img_0198
img_0197,img_0197
img_0176,img_0176
restroom,restroom
original,original
スクリーンショット 2016-01-29 午後1.27.29,attachment-0
scale,scale
flog,flog
IMGP1499,imgp1499
IMGP1500,imgp1500
IMGP1501,imgp1501
IMGP1503,imgp1503
IMGP1504,imgp1504
IMGP1506,imgp1506
IMGP1508,imgp1508
IMGP1511,imgp1511
IMGP1512,imgp1512
IMGP1513,imgp1513
IMGP1514,imgp1514
IMGP1515,imgp1515
IMGP1516,imgp1516
IMGP1517,imgp1517
IMGP1518,imgp1518
IMGP1519,imgp1519
IMGP1520,imgp1520
IMGP1521,imgp1521
IMGP1522,imgp1522
IMGP1523,imgp1523
IMGP1524,imgp1524
IMGP1525,imgp1525
IMGP1526,imgp1526
IMGP1527,imgp1527
IMGP1528,imgp1528
IMGP1529,imgp1529
IMGP1530,imgp1530
trackpad,trackpad
trackpad2,trackpad2
amazon-prime-video,amazon-prime-video
778794_290215227774188_614778521_o (1),778794_290215227774188_614778521_o-1
img_0228,img_0228
img_0232,img_0232
img_0231,img_0231
img_0229,img_0229
img_0226,img_0226
img_0230,img_0230
img_0227,img_0227
12507405_1705349969711903_1125238015554233831_n,12507405_1705349969711903_1125238015554233831_n
img_0224,img_0224
img_0225,img_0225
img_0222,img_0222
img_0223,img_0223
img_0235,img_0235
img_0233,img_0233
img_0234,img_0234
CaBHWn0UUAAXciq,cabhwn0uuaaxciq
CaFlVEXVAAA48nT,caflvexvaaa48nt
img_0239,img_0239
img_0238,img_0238
img_0240,img_0240
12417695_1705350043045229_1428101492954816631_n,12417695_1705350043045229_1428101492954816631_n
12651330_1712637065649860_2511113205319614065_n,12651330_1712637065649860_2511113205319614065_n
スクリーンショット 2016-02-02 1.31.26,attachment-0
スクリーンショット 2016-02-02 1.31.39,attachment-0
スクリーンショット 2016-02-02 1.49.55,attachment-0
スクリーンショット 2016-02-02 1.49.13,attachment-0
スクリーンショット 2016-02-02 1.47.20,attachment-0
スクリーンショット 2016-02-02 1.47.30,attachment-0
スクリーンショット 2016-02-02 1.46.22,attachment-0
スクリーンショット 2016-02-02 2.02.10,attachment-0
スクリーンショット 2016-02-02 2.39.02,attachment-0
スクリーンショット 2016-02-02 2.54.00,attachment-0
スクリーンショット 2016-02-02 2.30.33,attachment-0
スクリーンショット 2016-02-02 2.31.32,attachment-0
スクリーンショット 2016-02-02 3.14.04,attachment-0
img_0216,img_0216
img_0211,img_0211
img_0212,img_0212
img_0236,img_0236
480328_448357208529399_1632524858_n,480328_448357208529399_1632524858_n
9298957598_1c62a03933_k,9298957598_1c62a03933_k
8186946980_bd805256b9_k,8186946980_bd805256b9_k
17160943858_aab0b8bdb4_k,17160943858_aab0b8bdb4_k
スクリーンショット 2016-02-03 午前8.54.15,attachment-0
logo,logo
スクリーンショット 2016-02-03 午前8.57.32,attachment-0
スクリーンショット 2016-02-03 午前8.58.42,attachment-0
スクリーンショット 2016-02-03 午前8.59.44,attachment-0
スクリーンショット 2016-02-03 午前9.02.47,attachment-0
スクリーンショット 2016-02-03 午前9.05.59,attachment-0
4329630502_3f3e4422c7_b,4329630502_3f3e4422c7_b
13136331334_d13e1c6fe5_k,13136331334_d13e1c6fe5_k
7090390409_49ab0df446_k,7090390409_49ab0df446_k
写真 2016-02-03 13 38 43,attachment-0
写真 2016-02-03 13 38 47,attachment-0
写真 2016-02-03 13 38 50,attachment-0
写真 2016-02-03 13 40 00,attachment-0
写真 2016-02-03 13 54 37,attachment-0
写真 2016-02-03 17 21 33,attachment-0
original,original-2
site-id,site-id
2342461377_bd491796dc_b,2342461377_bd491796dc_b
16228551621_506d73136b_k,16228551621_506d73136b_k
5452160364_7427135dbf_b,5452160364_7427135dbf_b
246570462_d027a92b95_b,246570462_d027a92b95_b
15608018214_13ff9325c8_z,15608018214_13ff9325c8_z
写真 2016-02-06 11 17 11,attachment-0
写真 2016-02-06 12 10 17,attachment-0
写真 2016-02-06 11 24 24,attachment-0
写真 2016-02-06 11 37 41,attachment-0
写真 2016-02-06 11 19 00,attachment-0
写真 2016-02-06 11 20 10,attachment-0
スクリーンショット 2016-02-07 1.45.19,attachment-0
img_0477,img_0477
img_0474,img_0474
img_0479,img_0479
img_0476,img_0476
img_0356,img_0356
写真 2016-02-06 20 02 05,attachment-0
写真 2016-02-06 20 01 53,attachment-0
写真 2016-02-06 17 05 45,attachment-0
写真 2016-02-06 17 09 26,attachment-0
写真 2016-02-06 17 14 04,attachment-0
写真 2016-02-06 17 31 44,attachment-0
写真 2016-02-06 17 50 24,attachment-0
写真 2016-02-06 17 50 36,attachment-0
写真 2016-02-06 17 50 48,attachment-0
写真 2016-02-06 17 51 29,attachment-0
写真 2016-02-06 17 51 42,attachment-0
写真 2016-02-06 17 52 19,attachment-0
写真 2016-02-06 17 52 30,attachment-0
写真 2016-02-06 17 54 45,attachment-0
写真 2016-02-06 17 58 55,attachment-0
写真 2016-02-06 18 08 55,attachment-0
写真 2016-02-05 16 35 47,attachment-0
写真 2016-02-05 16 34 50,attachment-0
写真 2016-02-05 16 34 28,attachment-0
IMGP1873,imgp1873
IMGP1871,imgp1871
IMGP1818,imgp1818
IMGP1817,imgp1817
IMGP1815,imgp1815
IMGP1811,imgp1811
IMGP1805,imgp1805
IMGP1800,imgp1800
IMGP1792,imgp1792
IMGP1786,imgp1786
IMGP1823,imgp1823
3528479026_8759a2ff03_b,3528479026_8759a2ff03_b
6967534104_c91b957bb3_o,6967534104_c91b957bb3_o
スクリーンショット 2016-02-09 5.58.23,attachment-0
jpcanada_logo,jpcanada_logo
8609995437_83a76265af_z,8609995437_83a76265af_z
8749512995_810f724751_z,8749512995_810f724751_z
13903383190_5920c870e1_z,13903383190_5920c870e1_z
5540462170_d5297d9ce8_z,5540462170_d5297d9ce8_z
3259826856_699c05300a_z,3259826856_699c05300a_z
30285_122214781143645_5997787_n,30285_122214781143645_5997787_n
242316_213987915299664_7961709_o,242316_213987915299664_7961709_o
10431704_771042232927560_605176498903629313_n,10431704_771042232927560_605176498903629313_n
282911_436415676390219_559646629_n,282911_436415676390219_559646629_n
12227108_1068149686550145_6582756290936296899_n,12227108_1068149686550145_6582756290936296899_n
1782504_583911051690223_163184376_o,1782504_583911051690223_163184376_o
71460_583876075027054_1660603497_n,71460_583876075027054_1660603497_n
1782553_583867281694600_798451903_o,1782553_583867281694600_798451903_o
12697376_945874892160502_2254642130281641399_o,12697376_945874892160502_2254642130281641399_o
スクリーンショット 2016-02-11 午後1.04.55,attachment-0
スクリーンショット 2016-02-11 午後1.01.01,attachment-0
スクリーンショット 2016-02-11 午後3.30.08,attachment-0
スクリーンショット 2016-02-11 午後0.57.20,attachment-0
スクリーンショット 2016-02-11 午後4.12.26,attachment-0
スクリーンショット 2016-02-11 午後4.11.43,attachment-0
スクリーンショット 2016-02-11 午後4.13.38,attachment-0
japan-bttb-calendar,japan-bttb-calendar
bttb-2016-info-japan,bttb-2016-info-japan
7623744678_8c44be38af_z,7623744678_8c44be38af_z
4857508633_86fb572818_z,4857508633_86fb572818_z
equipment1,equipment1
equipment9,equipment9
写真 2016-02-04 18 54 46,attachment-0
写真 2016-02-04 18 54 39,attachment-0
写真 2016-02-04 18 54 31,attachment-0
写真 2016-02-04 18 54 21,attachment-0
71BbhO3U+ZL._SL1500_,71bbho3uzl-_sl1500_
189986_197601276938328_4704539_n,189986_197601276938328_4704539_n
190123_197601063605016_5643631_n,190123_197601063605016_5643631_n
196683_197595010272288_5035589_n (1),196683_197595010272288_5035589_n-1
190369_197594330272356_1198043_n,190369_197594330272356_1198043_n
200315_197594186939037_4839710_n,200315_197594186939037_4839710_n
196379_197594090272380_1032616_n,196379_197594090272380_1032616_n
11480107456_e61b42fa86_k,11480107456_e61b42fa86_k
16193851698_f6668a5774_k,16193851698_f6668a5774_k
3664624813_b0ca62d754_z,3664624813_b0ca62d754_z
14267778009_b00f3cab3e_b,14267778009_b00f3cab3e_b
note_logo,note_logo
スクリーンショット 2016-02-13 午後1.02.00,attachment-0
スクリーンショット 2016-02-13 午後2.09.57,attachment-0
スクリーンショット 2016-02-13 午後2.15.11,attachment-0
スクリーンショット 2016-02-13 午後2.44.43,attachment-0
スクリーンショット 2016-02-14 午前0.41.48,attachment-0
スクリーンショット 2016-02-14 午前0.40.52,attachment-0
スクリーンショット 2016-02-14 午前0.40.29,attachment-0
スクリーンショット 2016-02-14 午前0.39.56,attachment-0
スクリーンショット 2016-02-14 午前0.39.30,attachment-0
スクリーンショット 2016-02-14 午前0.39.04,attachment-0
スクリーンショット 2016-02-14 午前0.38.10,attachment-0
スクリーンショット 2016-02-14 午前0.52.14,attachment-0
スクリーンショット 2016-02-14 午前0.45.33,attachment-0
12697268_827447524027120_232744258418575260_o,12697268_827447524027120_232744258418575260_o
写真 2016-02-15 13 19 54,attachment-0
写真 2016-02-14 22 26 51,attachment-0
写真 2016-02-14 22 26 07,attachment-0
写真 2016-02-14 22 25 21,attachment-0
写真 2016-02-15 13 51 12,attachment-0
写真 2016-02-15 13 51 04,attachment-0
写真 2016-02-15 13 30 54,attachment-0
写真 2016-02-15 13 30 49,attachment-0
写真 2016-02-15 13 20 16,attachment-0
スクリーンショット 2016-02-15 15.00.37,attachment-0
スクリーンショット 2016-02-15 15.00.23,attachment-0
mainvisual_01,mainvisual_01
14986371364_463b37967b_k,14986371364_463b37967b_k
6479063181_6feafaa8e6_z,6479063181_6feafaa8e6_z
17160656345_b2539a6dd4_z,17160656345_b2539a6dd4_z
16053504967_0537e02379_z (2),16053504967_0537e02379_z-2
スクリーンショット 2016-02-16 11.35.11,attachment-0
innei-1,innei-1
innei,innei
スクリーンショット 2016-02-16 15.21.10,attachment-0
cowarking_001,cowarking_001
スクリーンショット 2016-02-16 15.37.51,attachment-0
スクリーンショット 2016-02-16 15.39.30,attachment-0
スクリーンショット 2016-02-16 15.55.54,attachment-0
top,top
a0cf2d31-7c9d-4785-98da-a44f5536eb66,a0cf2d31-7c9d-4785-98da-a44f5536eb66
スクリーンショット 2016-02-16 16.14.15,attachment-0
スクリーンショット 2016-02-16 16.21.16,attachment-0
12622277_1102814979750282_3104717856478922967_o,12622277_1102814979750282_3104717856478922967_o
12633463_1102814943083619_5322347232013927342_o,12633463_1102814943083619_5322347232013927342_o
スクリーンショット 2016-02-16 午後10.06.59,attachment-0
スクリーンショット 2016-02-16 午後10.00.45,attachment-0
スクリーンショット 2016-02-16 午後10.00.00,attachment-0
スクリーンショット 2016-02-16 午後9.59.49,attachment-0
スクリーンショット 2016-02-16 午後9.59.35,attachment-0
slide01,slide01
7848168030_70426d0bbe_z,7848168030_70426d0bbe_z
17333783139_a80e8235e9_z,17333783139_a80e8235e9_z
10588387784_d105366007_z,10588387784_d105366007_z
15136415434_f5e3bb1bfc_z,15136415434_f5e3bb1bfc_z
写真 2016-02-17 14 51 05,attachment-0
写真 2016-02-17 14 31 34,attachment-0
写真 2016-02-17 14 31 28,attachment-0
写真 2016-02-17 14 29 25,attachment-0
写真 2016-02-17 14 29 21,attachment-0
写真 2016-02-17 14 29 14,attachment-0
no-shampoo10,no-shampoo10
no-shampoo019,no-shampoo019
no-shampoo08,no-shampoo08
no-shampoo07,no-shampoo07
no-shampoo06,no-shampoo06
no-shampoo05,no-shampoo05
no-shampoo04,no-shampoo04
no-shampoo03,no-shampoo03
no-shampoo02,no-shampoo02
no-shampoo01,no-shampoo01
re150203_t2,re150203_t2
btn_header_orange_on,btn_header_orange_on
スクリーンショット 2016-02-20 午後1.18.49,attachment-0
madori_20140525153026,madori_20140525153026
スクリーンショット 2016-02-20 午後1.29.24,attachment-0
madori_20131209111635,madori_20131209111635
スクリーンショット 2016-02-20 午後1.27.02,attachment-0
スクリーンショット 2016-02-20 午後1.26.42,attachment-0
スクリーンショット 2016-02-20 午後1.26.19,attachment-0
スクリーンショット 2016-02-20 午後1.51.38,attachment-0
スクリーンショット 2016-02-20 午後1.53.52,attachment-0
スクリーンショット 2016-02-20 午後4.08.10,attachment-0
スクリーンショット 2016-02-20 午後4.26.46,attachment-0
4654424717_cf0f293c2e_b,4654424717_cf0f293c2e_b
2250138127_e372178117_z,2250138127_e372178117_z
253828_457962414235545_862133041_n,253828_457962414235545_862133041_n
539041_457664500932003_964112071_n,539041_457664500932003_964112071_n
404027_457663847598735_1409642808_n,404027_457663847598735_1409642808_n
216081_457663010932152_230102174_n,216081_457663010932152_230102174_n
195858_457662664265520_826046794_n,195858_457662664265520_826046794_n
297404_457662367598883_1665099580_n,297404_457662367598883_1665099580_n
427364_455733174458469_648106543_n,427364_455733174458469_648106543_n
300777_454041197961000_1601426688_n,300777_454041197961000_1601426688_n
スクリーンショット 2016-02-22 午後2.36.24,attachment-0
写真 2016-02-06 22 48 50,attachment-0
写真 2016-02-06 22 47 31,attachment-0
写真 2016-02-06 22 47 10,attachment-0
写真 2016-02-06 22 47 03,attachment-0
写真 2016-02-06 22 46 41,attachment-0
写真 2016-02-06 22 46 30,attachment-0
写真 2016-02-06 22 42 21,attachment-0
写真 2016-02-06 22 42 09,attachment-0
写真 2016-02-06 22 16 32,attachment-0
写真 2016-02-06 21 41 44,attachment-0
写真 2016-02-06 21 11 46,attachment-0
写真 2016-02-06 20 45 59,attachment-0
写真 2016-02-06 20 45 51,attachment-0
スクリーンショット 2016-02-23 午後9.59.50,attachment-0
premiume_compare_2014_04_01,premiume_compare_2014_04_01
スクリーンショット 2016-02-23 午後10.21.36,attachment-0
スクリーンショット 2016-02-23 午後10.21.20,attachment-0
写真 2016-02-24 21 57 52 (1),attachment-0
2964370804_c0c6e160a5_o,2964370804_c0c6e160a5_o
6757849129_54c4f1ab10_z,6757849129_54c4f1ab10_z
cQBLCnWs,cqblcnws
4819235923_8300204bcb_z,4819235923_8300204bcb_z
スクリーンショット 2016-02-28 午後4.35.02,attachment-0
スクリーンショット 2016-02-28 午後4.34.42,attachment-0
スクリーンショット 2016-02-28 午後4.34.30,attachment-0
スクリーンショット 2016-02-28 午後4.34.14,attachment-0
スクリーンショット 2016-02-28 午後4.33.53,attachment-0
スクリーンショット 2016-02-28 午後4.33.34,attachment-0
スクリーンショット 2016-02-28 午後4.33.11,attachment-0
スクリーンショット 2016-02-28 午後4.32.56,attachment-0
スクリーンショット 2016-02-28 午後4.32.19,attachment-0
スクリーンショット 2016-02-28 午後4.31.36,attachment-0
スクリーンショット 2016-02-28 午後4.43.48,attachment-0
写真 2016-02-25 11 36 46,attachment-0
写真 2016-02-21 15 05 30,attachment-0
写真 2016-02-21 14 46 03,attachment-0
001-madori,001-madori
002-madori-1,002-madori-1
スクリーンショット 2016-03-03 午後5.39.31,attachment-0
スクリーンショット 2016-03-03 午後5.46.52,attachment-0
スクリーンショット 2016-03-03 午後6.15.10,attachment-0
スクリーンショット 2016-03-03 午後6.14.52,attachment-0
スクリーンショット 2016-03-03 午後6.14.24,attachment-0
スクリーンショット 2016-03-03 午後6.19.42,attachment-0
スクリーンショット 2016-03-03 午後6.26.42,attachment-0
sksm1-510x382,sksm1-510x382
376375_299813443383777_337312493_n,376375_299813443383777_337312493_n
553117_439512632747190_1664387009_n,553117_439512632747190_1664387009_n
321624_264752633556525_1361519916_n,321624_264752633556525_1361519916_n
スクリーンショット 2016-03-03 午後6.46.51,attachment-0
20,20
yossenschool_logo_1800_topphoto,yossenschool_logo_1800_topphoto
スクリーンショット 2016-03-06 午後7.55.04,attachment-0
スクリーンショット 2016-03-06 午後8.08.28,attachment-0
4391281523_5eb55604cb_z,4391281523_5eb55604cb_z
13754929464_ffe00c94ff_z,13754929464_ffe00c94ff_z
8649574542_efd44fe63c_z,8649574542_efd44fe63c_z
5220676458_2c74dcbe27_z,5220676458_2c74dcbe27_z
4961717384_f4da868db6_z,4961717384_f4da868db6_z
17123254699_c2f412c9ee_z,17123254699_c2f412c9ee_z
13947832357_3bc63f7a3c_z,13947832357_3bc63f7a3c_z
スクリーンショット 2016-03-13 午前0.02.00,attachment-0
10471484_1690697777842940_4745570561887973397_n,10471484_1690697777842940_4745570561887973397_n
12805657_1693622744217110_9057280095923510395_n,12805657_1693622744217110_9057280095923510395_n
11214190_1630526293860089_5993128106776137949_n,11214190_1630526293860089_5993128106776137949_n
10403407_1576273972618655_8414917461111114235_n,10403407_1576273972618655_8414917461111114235_n
10999430_1576273689285350_8359665276632215210_n,10999430_1576273689285350_8359665276632215210_n
スクリーンショット 2016-03-15 午後11.57.44,attachment-0
1919318_804035989708554_1994313217120249996_n,1919318_804035989708554_1994313217120249996_n
10173721_804035976375222_5124100211786069313_n,10173721_804035976375222_5124100211786069313_n
スクリーンショット 2016-03-16 午前1.02.42,attachment-0
DSC05001,dsc05001
4604140980_c838e29396_z,4604140980_c838e29396_z
写真 2016-03-16 17 46 49,attachment-0
写真 2016-03-16 17 46 40,attachment-0
写真 2016-03-16 17 46 35,attachment-0
写真 2016-03-16 17 46 27,attachment-0
283867_243171742381281_6102311_n,283867_243171742381281_6102311_n
image05,image05
image06,image06
412021_282133845191992_1014673630_o,412021_282133845191992_1014673630_o
写真 2016-03-18 10 21 28,attachment-0-2
715IXnz34xL._SL1500_,715ixnz34xl-_sl1500_
71UYj0BvVmL._SL1500_,71uyj0bvvml-_sl1500_
写真 2016-03-20 14 35 52,attachment-0
写真 2016-03-20 14 11 35,attachment-0
写真 2016-03-20 14 10 25,attachment-0
写真 2016-03-20 14 02 21,attachment-0
001-pirth-1000x392,001-pirth-1000x392
001-madori,001-madori-2
002-madori-1,002-madori-1-2
002-pirth-1000x392,002-pirth-1000x392
kashi,kashi
写真 2016-03-19 10 44 05,attachment-0
写真 2016-03-19 10 47 52,attachment-0
写真 2016-03-19 10 47 48,attachment-0
写真 2016-03-19 10 51 37,attachment-0
写真 2016-03-19 11 34 26,attachment-0
写真 2016-03-19 10 53 35,attachment-0
12642715_1712637042316529_6230422705981635215_n-1,12642715_1712637042316529_6230422705981635215_n-1
tipi,tipi-3
スクリーンショット 2016-03-25 14.41.59,attachment-0
スクリーンショット 2016-03-25 14.43.12,attachment-0
7823902982_b0461a2217_z,7823902982_b0461a2217_z
6701253873_1f27fb2d8d_z,6701253873_1f27fb2d8d_z
7929909876_30d4e8fef7_z,7929909876_30d4e8fef7_z
4197770218_da886eeafd_z,4197770218_da886eeafd_z
4876310313_ff2f6fcd45_z,4876310313_ff2f6fcd45_z
34061498_a164de17d9_z,34061498_a164de17d9_z
写真 2016-03-27 14 54 55,attachment-0
写真 2016-03-27 11 58 35 (1),attachment-0
写真 2016-03-27 11 58 53,attachment-0
写真 2016-03-27 11 56 20,attachment-0
5001433299_711424c7a9_z,5001433299_711424c7a9_z
7417277818_24db95a92e_z,7417277818_24db95a92e_z
2445955737_479829d3cd_z,2445955737_479829d3cd_z
スクリーンショット 2016-03-31 午後10.24.51,attachment-0
スクリーンショット 2016-03-31 午後10.40.39,attachment-0
6906664848_eb4a9fa379_k,6906664848_eb4a9fa379_k
7469820870_d3fa996407_k,7469820870_d3fa996407_k
スクリーンショット 2016-04-04 午後7.47.22,attachment-0
スクリーンショット 2016-04-04 午後7.48.13,attachment-0
スクリーンショット 2016-04-04 午後10.54.16,attachment-0
Vancouver-SeaWall,vancouver-seawall
スクリーンショット 2016-04-05 午前11.42.06,attachment-0
03_06,03_06
img-early-morning03,img-early-morning03
img-early-morning01,img-early-morning01
スクリーンショット 2016-04-13 午後9.49.37,attachment-0
img_main,img_main
main2,main2
スクリーンショット 2016-04-16 0.39.03,attachment-0
image01,image01
スクリーンショット 2016-04-18 午後8.10.20,attachment-0
img_routemap_20141121_jp-580x423,img_routemap_20141121_jp-580x423
jetstarjapanline,jetstarjapanline
HONKON,honkon
jinair,jinair
tway2,tway2
jeju,jeju
jetstarasia-hukuoka-580x445,jetstarasia-hukuoka-580x445
72542_526802184004463_1918459313_n,72542_526802184004463_1918459313_n
スクリーンショット 2016-04-19 15.39.53,attachment-0
スクリーンショット 2016-04-19 16.12.03,attachment-0
スクリーンショット 2016-04-19 16.25.41,attachment-0
スクリーンショット 2016-04-19 16.29.30,attachment-0
スクリーンショット 2016-04-19 16.35.12,attachment-0
03,03
b_spe2015,b_spe2015
cf_pic01,cf_pic01
slides-jp-2016022301-1920x530,slides-jp-2016022301-1920x530
スクリーンショット 2016-04-21 午後10.52.10,attachment-0
1265890_648331295198655_528752926_o,1265890_648331295198655_528752926_o
196683_197595010272288_5035589_n (2),196683_197595010272288_5035589_n-2
スクリーンショット 2016-04-21 午後11.05.41,attachment-0
61LnaUYsv+L._UL1500_,61lnauysvl-_ul1500_
スクリーンショット 2016-04-22 23.44.32,attachment-0
スクリーンショット 2016-04-22 23.48.05,attachment-0
スクリーンショット 2016-04-22 23.56.26,attachment-0
スクリーンショット 2016-04-22 23.55.25,attachment-0
スクリーンショット 2016-04-22 23.51.10,attachment-0
スクリーンショット 2016-04-22 23.50.28,attachment-0
スクリーンショット 2016-04-22 23.48.49,attachment-0
スクリーンショット 2016-04-22 23.48.27,attachment-0
スクリーンショット 2016-04-22 23.48.05,attachment-0
スクリーンショット 2016-04-22 23.47.29,attachment-0
スクリーンショット 2016-04-22 23.47.06,attachment-0
スクリーンショット 2016-04-22 23.44.32,attachment-0
ChNERMIVEAAMqmA,chnermiveaamqma
スクリーンショット 2016-04-30 1.33.38,attachment-0
top_hero_im01_c,top_hero_im01_c
12671729_1148486638516449_6750791360590448987_o,12671729_1148486638516449_6750791360590448987_o
5777481276_bb277a10f4_z,5777481276_bb277a10f4_z
写真 2016-05-14 20 27 43,attachment-0
写真 2016-05-14 20 20 25,attachment-0
写真 2016-05-14 20 19 44,attachment-0
写真 2016-05-14 20 15 25,attachment-0
写真 2016-05-14 19 44 07,attachment-0
写真 2016-05-14 19 16 49,attachment-0
写真 2016-05-14 19 10 39,attachment-0
写真 2016-05-14 19 02 25,attachment-0
写真 2016-05-14 18 49 12,attachment-0
スクリーンショット 2016-05-19 21.08.46,attachment-0
1625674_792116670802506_319245380_n,1625674_792116670802506_319245380_n
スクリーンショット 2016-05-25 0.32.32,attachment-0
key3,key3
1016798_443155265786288_1490578539_n,1016798_443155265786288_1490578539_n
51YQXSGVY7L,51yqxsgvy7l
2167,2167
3841732931_a6537df194_z,3841732931_a6537df194_z
16411784703_6cff8f8c91_z,16411784703_6cff8f8c91_z
4278575201_a3f55916d1_z,4278575201_a3f55916d1_z
8870631573_fa072a967f_z,8870631573_fa072a967f_z
16440538831_4010a88b98_k,16440538831_4010a88b98_k
4027155749_fbfa86c9b5_o,4027155749_fbfa86c9b5_o
写真 2016-06-04 22 25 47,attachment-0
写真 2016-06-04 20 37 50,attachment-0
写真 2016-06-04 20 40 46,attachment-0
写真 2016-06-04 20 41 18,attachment-0
写真 2016-06-04 21 07 06,attachment-0
写真 2016-06-04 21 07 14,attachment-0
写真 2016-06-04 21 11 38,attachment-0
写真 2016-06-04 22 21 52,attachment-0
13396566_1193462147352231_866949204_o,13396566_1193462147352231_866949204_o
24030735951_623b1b0099_k,24030735951_623b1b0099_k
9593217572_a2bc170950_b,9593217572_a2bc170950_b
写真 2016-05-30 5 45 48,attachment-0
写真 2016-05-30 5 38 14,attachment-0
写真 2016-05-30 5 37 37,attachment-0
スクリーンショット 2016-06-09 午後9.18.17,attachment-0
スクリーンショット 2016-06-09 午後9.32.02,attachment-0
スクリーンショット 2016-06-15 午前9.16.47,attachment-0
スクリーンショット 2016-06-15 午前9.16.13,attachment-0
スクリーンショット 2016-06-15 午前9.15.48,attachment-0
スクリーンショット 2016-06-15 午前9.15.12,attachment-0
55977581_d74183b8f2_z,55977581_d74183b8f2_z
336016011_b6be33e135_b,336016011_b6be33e135_b
スクリーンショット 2016-06-20 13.09.53,attachment-0
6551534889_9c8ae52997_b,6551534889_9c8ae52997_b
4732335283_f7bf38a637_b,4732335283_f7bf38a637_b
6592778831_429271de73_b,6592778831_429271de73_b
4175998571_78733baeea_z,4175998571_78733baeea_z
1811568910_6c84b48be4_z,1811568910_6c84b48be4_z
242316_213987915299664_7961709_o,242316_213987915299664_7961709_o-2
10388140_771045302927253_7655570259076218983_n,10388140_771045302927253_7655570259076218983_n
10338851_771045169593933_4731191965905591500_n,10338851_771045169593933_4731191965905591500_n
406298_311441132221008_1155843401_n,406298_311441132221008_1155843401_n
1469901_771042446260872_4329839477896231828_n,1469901_771042446260872_4329839477896231828_n
flag,flag
rock,rock
24244465703_90e7342b0f_k,24244465703_90e7342b0f_k
4652243732_6d929df688_b,4652243732_6d929df688_b
303284582_26b443535f_o,303284582_26b443535f_o
6869764745_7087710505_z,6869764745_7087710505_z
flags,flags
スクリーンショット 2016-07-04 0.56.22,attachment-0
スクリーンショット 2016-07-04 0.56.03,attachment-0
スクリーンショット 2016-07-04 0.55.33,attachment-0
5014509012_80bf3020d9_b,5014509012_80bf3020d9_b
6736180389_013f2b1826_b,6736180389_013f2b1826_b
ph06_01,ph06_01
top_main,top_main
54636767_2facd8733d_o,54636767_2facd8733d_o
3221310750_1b70834808_b,3221310750_1b70834808_b
1380483002_64ef7ed823_b,1380483002_64ef7ed823_b
1093797721_4ec1ef538c_o,1093797721_4ec1ef538c_o
upload2.compressed,upload2-compressed
写真 2016-06-18 13 30 17,attachment-0
写真 2016-06-18 13 30 36,attachment-0
写真 2016-06-18 13 30 56,attachment-0
写真 2016-06-18 13 44 16,attachment-0
写真 2016-06-18 13 45 11,attachment-0
写真 2016-06-18 13 53 42,attachment-0
写真 2016-06-26 15 14 01,attachment-0
写真 2016-06-26 15 14 41,attachment-0
写真 2016-06-26 15 14 49,attachment-0
写真 2016-06-26 15 15 04,attachment-0
写真 2016-06-26 15 16 51 (1),attachment-0
写真 2016-06-26 15 16 51,attachment-0
写真 2016-06-26 15 16 55,attachment-0
写真 2016-06-26 15 17 18,attachment-0
写真 2016-06-26 15 16 51 (1),attachment-0
写真 2016-06-26 15 16 51,attachment-0
写真 2016-06-26 15 16 55,attachment-0
写真 2016-06-26 15 17 18,attachment-0
写真 2016-06-26 15 34 51,attachment-0
写真 2016-06-26 15 50 34,attachment-0
写真 2016-06-30 20 17 55,attachment-0
写真 2016-07-02 19 21 17,attachment-0
写真 2016-07-02 19 49 58,attachment-0
写真 2016-07-02 19 54 21 (1),attachment-0
写真 2016-07-02 19 54 21,attachment-0
写真 2016-07-02 22 22 12,attachment-0
写真 2016-07-02 22 28 26,attachment-0
写真 2016-07-02 22 35 37,attachment-0
写真 2016-07-03 14 04 26,attachment-0
写真 2016-07-11 14 50 43,attachment-0
写真 2016-05-29 22 14 55,attachment-0
写真 2016-05-29 22 15 01,attachment-0
写真 2016-05-29 22 16 26,attachment-0
写真 2016-05-29 22 16 30,attachment-0
写真 2016-05-29 22 30 48,attachment-0
写真 2016-05-29 22 30 53,attachment-0
写真 2016-05-29 22 31 18,attachment-0
写真 2016-05-29 23 00 34,attachment-0
写真 2016-05-29 23 00 40,attachment-0
写真 2016-05-29 23 00 49 (1),attachment-0
写真 2016-05-29 23 00 49,attachment-0
写真 2016-05-29 23 00 56,attachment-0
写真 2016-05-29 23 01 16,attachment-0
写真 2016-05-30 0 21 07,attachment-0
写真 2016-05-30 0 36 44,attachment-0
写真 2016-05-30 5 23 52,attachment-0
写真 2016-05-30 5 24 40,attachment-0
写真 2016-05-30 5 24 54,attachment-0
写真 2016-05-30 5 28 53,attachment-0
写真 2016-05-30 5 28 58,attachment-0
写真 2016-05-30 5 29 10,attachment-0
写真 2016-05-30 5 37 37,attachment-0
写真 2016-05-30 5 38 14,attachment-0
写真 2016-05-30 5 45 48,attachment-0
写真 2016-07-02 19 51 10,attachment-0
jmqssbBB,jmqssbbb
bodysuit,bodysuit
minimo,minimo
スクリーンショット 2016-07-21 14.29.21,attachment-0
232,232
スクリーンショット 2016-07-21 午後5.09.41,attachment-0
スクリーンショット 2016-07-21 午後5.09.02,attachment-0
スクリーンショット 2016-07-21 午後5.08.53,attachment-0
img01 (1),img01-1
img01,img01
blog,blog
スクリーンショット 2016-08-01 午後3.55.04,attachment-0
PAK93_heyadehitoribocchi20140322,pak93_heyadehitoribocchi20140322
PAK105191150,pak105191150
スクリーンショット 2016-08-03 午後4.11.14,attachment-0
PEZ_2076,pez_2076
N751_gumtocandy,n751_gumtocandy
KENTA039_madaaketenai,kenta039_madaaketenai
HIRAyamatoneko,hirayamatoneko
HIR86_danborukarakaodasu20140614,hir86_danborukarakaodasu20140614
IMG_20160811_184402,img_20160811_184402
IMG_20160811_184256,img_20160811_184256
IMG_20160730_125155,img_20160730_125155
IMG_20160730_125129,img_20160730_125129
IMG_20160730_125109,img_20160730_125109
M3000615,m3000615
M3000622,m3000622
M3000625,m3000625
スクリーンショット 2016-08-13 16.04.07,attachment-0
スクリーンショット 2016-08-13 15.50.58,attachment-0
スクリーンショット 2016-08-13 15.50.01,attachment-0
スクリーンショット 2016-08-13 15.48.24,attachment-0
スクリーンショット 2016-08-13 15.47.18,attachment-0
スクリーンショット 2016-08-13 15.47.00,attachment-0
スクリーンショット 2016-08-13 15.46.42,attachment-0
スクリーンショット 2016-08-13 15.25.12,attachment-0
スクリーンショット 2016-08-13 15.23.21,attachment-0
スクリーンショット 2016-08-13 17.27.52,attachment-0
スクリーンショット 2016-08-13 17.33.04,attachment-0
love0811,love0811
スクリーンショット 2016-08-15 午後10.50.59,attachment-0
スクリーンショット 2016-08-15 午後10.56.12,attachment-0
スクリーンショット 2016-08-20 0.20.55,attachment-0
スクリーンショット 2016-08-20 0.31.46,attachment-0
IMG_20160818_220527,img_20160818_220527
IMG_20160818_214243 (1),img_20160818_214243-1
IMG_20160818_211257 (1),img_20160818_211257-1
スクリーンショット 2016-08-21 0.26.58,attachment-0
IMG_20160818_215223,img_20160818_215223
IMG_20160818_220559,img_20160818_220559
スクリーンショット 2016-08-24 20.07.07,attachment-0
原田メシ キャンプ_4481,attachment-0
原田メシ キャンプ_864,attachment-0
14138030_1251066384925140_5991187793302612189_o,14138030_1251066384925140_5991187793302612189_o
M3000703,m3000703
M3000704,m3000704
M3000705,m3000705
M3000706,m3000706
M3000707,m3000707
スクリーンショット 2016-09-05 午後5.17.23,attachment-0
41Xb3zIpNOL,41xb3zipnol
M3000707,m3000707-2
amazon-logo_jp_black,amazon-logo_jp_black
saya151005168115_tp_v,saya151005168115_tp_v
pak145152501_tp_v,pak145152501_tp_v
426002401,426002401
img_20160914_091020,img_20160914_091020
img_20160914_091008,img_20160914_091008
7b44695a-6076-4389-aa0a-aeeb3e7db9f0,7b44695a-6076-4389-aa0a-aeeb3e7db9f0
b83f2ada-b711-4b3b-a7db-397f4e5a1515,b83f2ada-b711-4b3b-a7db-397f4e5a1515
05b10f8f-6e2b-48d9-9ae3-b6a8871c524e,05b10f8f-6e2b-48d9-9ae3-b6a8871c524e
20160909121521,20160909121521
14086327_1092567837498670_9029328586048198935_o,14086327_1092567837498670_9029328586048198935_o
57d7d76a-3448-4549-aec2-1f170a7e8331,57d7d76a-3448-4549-aec2-1f170a7e8331
logo,logo-2
%e3%82%b9%e3%82%af%e3%83%aa%e3%83%bc%e3%83%b3%e3%82%b7%e3%83%a7%e3%83%83%e3%83%88-2016-09-17-1-52-03,attachment-0
img_20160917_093035,img_20160917_093035
img_20160917_092312,img_20160917_092312
img_20160917_091656,img_20160917_091656
img_20160917_091428,img_20160917_091428
img_20160917_084153,img_20160917_084153
img_20160917_082421,img_20160917_082421
img_20160917_082316,img_20160917_082316
img_20160917_081942,img_20160917_081942
img_20160917_081934,img_20160917_081934
img_20160917_081924,img_20160917_081924
%e3%82%b9%e3%82%af%e3%83%aa%e3%83%bc%e3%83%b3%e3%82%b7%e3%83%a7%e3%83%83%e3%83%88-2016-09-24-0-49-26,attachment-0
918cp91q8ol-_sl1500_,918cp91q8ol-_sl1500_
netflix_logo_digitalvideo,netflix_logo_digitalvideo
51hzbfnz4l,51hzbfnz4l
thum,thum
%e3%82%b9%e3%82%af%e3%83%aa%e3%83%bc%e3%83%b3%e3%82%b7%e3%83%a7%e3%83%83%e3%83%88-2016-10-03-%e5%8d%88%e5%be%8c11-38-55,attachment-0
etkbsnyy,etkbsnyy
jhxp5t19,jhxp5t19
aipcafe,aipcafe
%e3%82%b9%e3%82%af%e3%83%aa%e3%83%bc%e3%83%b3%e3%82%b7%e3%83%a7%e3%83%83%e3%83%88-2016-10-03-%e5%8d%88%e5%be%8c11-38-55,attachment-0
futsukaichi-guesthouse,futsukaichi-guesthouse
%e3%82%b9%e3%82%af%e3%83%aa%e3%83%bc%e3%83%b3%e3%82%b7%e3%83%a7%e3%83%83%e3%83%88-2016-10-04-%e5%8d%88%e5%be%8c3-45-36,attachment-0
20161002_951556,20161002_951556
14547797_1115715961799346_6133468570069237760_n1,14547797_1115715961799346_6133468570069237760_n1
%e3%82%b9%e3%82%af%e3%83%aa%e3%83%bc%e3%83%b3%e3%82%b7%e3%83%a7%e3%83%83%e3%83%88-2016-10-11-15-48-54,attachment-0
%e3%82%b9%e3%82%af%e3%83%aa%e3%83%bc%e3%83%b3%e3%82%b7%e3%83%a7%e3%83%83%e3%83%88-2016-10-11-16-02-09,attachment-0
%e3%82%b9%e3%82%af%e3%83%aa%e3%83%bc%e3%83%b3%e3%82%b7%e3%83%a7%e3%83%83%e3%83%88-2016-10-11-16-18-10,attachment-0
%e3%82%b9%e3%82%af%e3%83%aa%e3%83%bc%e3%83%b3%e3%82%b7%e3%83%a7%e3%83%83%e3%83%88-2016-10-11-16-39-30,attachment-0
%e3%82%b9%e3%82%af%e3%83%aa%e3%83%bc%e3%83%b3%e3%82%b7%e3%83%a7%e3%83%83%e3%83%88-2016-10-11-16-42-50,attachment-0
%e3%82%b9%e3%82%af%e3%83%aa%e3%83%bc%e3%83%b3%e3%82%b7%e3%83%a7%e3%83%83%e3%83%88-2016-10-11-16-52-05,attachment-0
%e3%82%b9%e3%82%af%e3%83%aa%e3%83%bc%e3%83%b3%e3%82%b7%e3%83%a7%e3%83%83%e3%83%88-2016-10-14-23-25-41,attachment-0
img_20161001_185049,img_20161001_185049
img_20161001_181418,img_20161001_181418
img_20161001_180527,img_20161001_180527
img_20161001_175127,img_20161001_175127
img_20161001_173941,img_20161001_173941
img_20161001_161856,img_20161001_161856
img_20161001_161839,img_20161001_161839
img_20161001_161109,img_20161001_161109
img_20161001_161107,img_20161001_161107
img_20161001_155956,img_20161001_155956
img_20161001_153118,img_20161001_153118
img_20161001_152732,img_20161001_152732
img_20161001_152728,img_20161001_152728
img_20161001_152456,img_20161001_152456
img_20161001_152451,img_20161001_152451
img_20161001_152335,img_20161001_152335
img_20161001_152326,img_20161001_152326
img_20161001_152243,img_20161001_152243
img_20161007_205154,img_20161007_205154
img_20161007_205152,img_20161007_205152
img_20161007_201157,img_20161007_201157
img_20161007_190638,img_20161007_190638
img_20161007_190632,img_20161007_190632
img_20161002_110733,img_20161002_110733
img_20161002_105659,img_20161002_105659
img_20161002_105645,img_20161002_105645
img_20161002_105639,img_20161002_105639
img_20161002_105629,img_20161002_105629
img_20161002_105616,img_20161002_105616
img_20161002_105606,img_20161002_105606
8384110298_da510e0347_b,8384110298_da510e0347_b
imarip0i9a7464_tp_v,imarip0i9a7464_tp_v
20161010_960259,20161010_960259
fly_0i9a2794_tp_v,fly_0i9a2794_tp_v
uniairlinedsc00139_tp_v,uniairlinedsc00139_tp_v
kuko_0i9a2745_tp_v,kuko_0i9a2745_tp_v
14633670_1310378515660593_8630127569201489640_o,14633670_1310378515660593_8630127569201489640_o
14883446_1310378148993963_6572882848476025226_o,14883446_1310378148993963_6572882848476025226_o
h_mtdwis,h_mtdwis
talklive,talklive
%e3%82%b9%e3%82%af%e3%83%aa%e3%83%bc%e3%83%b3%e3%82%b7%e3%83%a7%e3%83%83%e3%83%88-2016-11-03-%e5%8d%88%e5%be%8c9-55-32,attachment-0
14991121_1317763748255403_1172478278085135382_o,14991121_1317763748255403_1172478278085135382_o
14882311_1317757151589396_1078669972761056571_o,14882311_1317757151589396_1078669972761056571_o
14939507_1317757144922730_4481953711339161684_o,14939507_1317757144922730_4481953711339161684_o
15000846_1317757054922739_272865900388958294_o,15000846_1317757054922739_272865900388958294_o
%e3%82%b9%e3%82%af%e3%83%aa%e3%83%bc%e3%83%b3%e3%82%b7%e3%83%a7%e3%83%83%e3%83%88-2016-11-14-%e5%8d%88%e5%be%8c7-46-59,attachment-0
slideshow_img_b21b35,slideshow_img_b21b35
www-pakutaso-com-shared-img-thumb-yosx9503,www-pakutaso-com-shared-img-thumb-yosx9503
14980792_221044461641543_531530153608472426_n,14980792_221044461641543_531530153608472426_n
%e5%86%99%e7%9c%9f-2016-11-08-19-04-32,attachment-0
13415664_1030857876995536_4503045557014456559_o,13415664_1030857876995536_4503045557014456559_o
%e5%86%99%e7%9c%9f-2016-11-08-11-32-35,attachment-0-6
%e5%86%99%e7%9c%9f-2016-11-08-11-32-41,attachment-0-5
%e5%86%99%e7%9c%9f-2016-11-08-11-30-54,attachment-0-4
%e5%86%99%e7%9c%9f-2016-11-08-11-31-15,attachment-0-3
%e5%86%99%e7%9c%9f-2016-11-08-11-29-06,attachment-0-3
%e3%82%b9%e3%82%af%e3%83%aa%e3%83%bc%e3%83%b3%e3%82%b7%e3%83%a7%e3%83%83%e3%83%88-2016-11-18-%e5%8d%88%e5%89%8d8-11-03,attachment-0
%e3%82%b9%e3%82%af%e3%83%aa%e3%83%bc%e3%83%b3%e3%82%b7%e3%83%a7%e3%83%83%e3%83%88-2016-11-18-%e5%8d%88%e5%89%8d8-11-28,attachment-0
%e3%82%b9%e3%82%af%e3%83%aa%e3%83%bc%e3%83%b3%e3%82%b7%e3%83%a7%e3%83%83%e3%83%88-2016-11-18-%e5%8d%88%e5%89%8d8-10-52,attachment-0
%e3%82%b9%e3%82%af%e3%83%aa%e3%83%bc%e3%83%b3%e3%82%b7%e3%83%a7%e3%83%83%e3%83%88-2016-11-18-%e5%8d%88%e5%89%8d8-28-00,attachment-0
%e3%82%b9%e3%82%af%e3%83%aa%e3%83%bc%e3%83%b3%e3%82%b7%e3%83%a7%e3%83%83%e3%83%88-2016-11-18-%e5%8d%88%e5%89%8d8-21-25,attachment-0
%e3%82%b9%e3%82%af%e3%83%aa%e3%83%bc%e3%83%b3%e3%82%b7%e3%83%a7%e3%83%83%e3%83%88-2016-11-18-%e5%8d%88%e5%89%8d8-20-10,attachment-0
%e3%82%b9%e3%82%af%e3%83%aa%e3%83%bc%e3%83%b3%e3%82%b7%e3%83%a7%e3%83%83%e3%83%88-2016-11-18-%e5%8d%88%e5%89%8d8-12-12,attachment-0
%e3%82%b9%e3%82%af%e3%83%aa%e3%83%bc%e3%83%b3%e3%82%b7%e3%83%a7%e3%83%83%e3%83%88-2016-11-18-%e5%8d%88%e5%89%8d8-12-25,attachment-0
%e3%82%b9%e3%82%af%e3%83%aa%e3%83%bc%e3%83%b3%e3%82%b7%e3%83%a7%e3%83%83%e3%83%88-2016-11-18-%e5%8d%88%e5%89%8d8-12-36,attachment-0
%e3%82%b9%e3%82%af%e3%83%aa%e3%83%bc%e3%83%b3%e3%82%b7%e3%83%a7%e3%83%83%e3%83%88-2016-11-18-%e5%8d%88%e5%89%8d8-13-39,attachment-0
%e3%82%b9%e3%82%af%e3%83%aa%e3%83%bc%e3%83%b3%e3%82%b7%e3%83%a7%e3%83%83%e3%83%88-2016-11-18-%e5%8d%88%e5%89%8d8-13-56,attachment-0
%e3%82%b9%e3%82%af%e3%83%aa%e3%83%bc%e3%83%b3%e3%82%b7%e3%83%a7%e3%83%83%e3%83%88-2016-11-18-%e5%8d%88%e5%89%8d8-11-43,attachment-0
%e3%82%b9%e3%82%af%e3%83%aa%e3%83%bc%e3%83%b3%e3%82%b7%e3%83%a7%e3%83%83%e3%83%88-2016-11-18-%e5%8d%88%e5%89%8d8-14-37,attachment-0
15016164_1323490671016044_4160223825622507109_o-1,15016164_1323490671016044_4160223825622507109_o-1
%e3%82%b9%e3%82%af%e3%83%aa%e3%83%bc%e3%83%b3%e3%82%b7%e3%83%a7%e3%83%83%e3%83%88-2016-11-27-23-45-48,attachment-0
%e3%82%b9%e3%82%af%e3%83%aa%e3%83%bc%e3%83%b3%e3%82%b7%e3%83%a7%e3%83%83%e3%83%88-2016-11-28-0-05-15,attachment-0
%e3%82%b9%e3%82%af%e3%83%aa%e3%83%bc%e3%83%b3%e3%82%b7%e3%83%a7%e3%83%83%e3%83%88-2016-11-28-0-07-41,attachment-0
14955890_1524067490942837_8504345114032854580_n,14955890_1524067490942837_8504345114032854580_n
14544756186_72b7bcc148_z,14544756186_72b7bcc148_z
%e3%82%a2%e3%82%a4%e3%82%ad%e3%83%a3%e3%83%83%e3%83%81,attachment-0
eigo,eigo
%e3%82%b9%e3%82%af%e3%83%aa%e3%83%bc%e3%83%b3%e3%82%b7%e3%83%a7%e3%83%83%e3%83%88-2016-11-30-18-22-10,attachment-0
%e5%86%99%e7%9c%9f-2016-12-01-14-30-45,attachment-0
%e5%86%99%e7%9c%9f-2016-12-01-11-40-41-1,attachment-0
%e5%86%99%e7%9c%9f-2016-12-01-13-31-31,attachment-0
%e5%86%99%e7%9c%9f-2016-12-01-12-20-56,attachment-0
%e5%86%99%e7%9c%9f-2016-12-01-14-53-29,attachment-0
%e5%86%99%e7%9c%9f-2016-12-01-13-12-19,attachment-0
%e5%86%99%e7%9c%9f-2016-12-01-11-40-37,attachment-0
s__7159813,s__7159813
%e5%86%99%e7%9c%9f-2016-12-01-13-13-26,attachment-0
%e3%82%b9%e3%82%af%e3%83%aa%e3%83%bc%e3%83%b3%e3%82%b7%e3%83%a7%e3%83%83%e3%83%88-2016-12-02-18-44-21,attachment-0
%e3%82%b9%e3%82%af%e3%83%aa%e3%83%bc%e3%83%b3%e3%82%b7%e3%83%a7%e3%83%83%e3%83%88-2016-12-02-23-24-40,attachment-0
%e3%82%b9%e3%82%af%e3%83%aa%e3%83%bc%e3%83%b3%e3%82%b7%e3%83%a7%e3%83%83%e3%83%88-2016-12-02-23-24-02,attachment-0
gopro,gopro
%e5%86%99%e7%9c%9f-2016-10-29-21-18-05,attachment-0
%e5%86%99%e7%9c%9f-2016-10-29-21-28-57,attachment-0
%e5%86%99%e7%9c%9f-2016-11-19-22-31-08,attachment-0
screen696x696,screen696x696
screen520x924,screen520x924
%e3%82%b9%e3%82%af%e3%83%aa%e3%83%bc%e3%83%b3%e3%82%b7%e3%83%a7%e3%83%83%e3%83%88-2016-12-04-%e5%8d%88%e5%89%8d0-48-08,attachment-0
%e5%86%99%e7%9c%9f-2016-11-19-22-31-08,attachment-0
%e5%86%99%e7%9c%9f-2016-11-19-19-48-04,attachment-0
%e5%86%99%e7%9c%9f-2016-11-19-19-42-58,attachment-0
%e5%86%99%e7%9c%9f-2016-11-19-19-47-39,attachment-0
%e5%86%99%e7%9c%9f-2016-11-19-20-05-12,attachment-0
%e5%86%99%e7%9c%9f-2016-11-19-19-47-32,attachment-0
%e5%86%99%e7%9c%9f-2016-11-19-19-48-59,attachment-0
%e5%86%99%e7%9c%9f-2016-11-19-19-46-33,attachment-0
%e5%86%99%e7%9c%9f-2016-11-19-19-50-01,attachment-0
%e5%86%99%e7%9c%9f-2016-11-19-19-46-13,attachment-0
%e5%86%99%e7%9c%9f-2016-11-19-19-46-59,attachment-0
%e5%86%99%e7%9c%9f-2016-11-19-19-43-26,attachment-0
%e5%86%99%e7%9c%9f-2016-11-19-19-07-30,attachment-0
%e5%86%99%e7%9c%9f-2016-11-19-20-04-05,attachment-0
%e5%86%99%e7%9c%9f-2016-11-19-20-04-27,attachment-0
%e3%82%b9%e3%82%af%e3%83%aa%e3%83%bc%e3%83%b3%e3%82%b7%e3%83%a7%e3%83%83%e3%83%88-2016-12-05-%e5%8d%88%e5%be%8c7-25-03,attachment-0
1010999_708449682520149_1953451352_n,1010999_708449682520149_1953451352_n
1619631_707704985927952_1666398536_n,1619631_707704985927952_1666398536_n
1743619_707705092594608_50271125_n,1743619_707705092594608_50271125_n
1538632_707705575927893_1095174260_n,1538632_707705575927893_1095174260_n
155438_707705389261245_1821348119_n,155438_707705389261245_1821348119_n
317610_261242973907491_1535588756_n-1,317610_261242973907491_1535588756_n-1
305255_264749463556842_771225732_n,305255_264749463556842_771225732_n
317610_261242973907491_1535588756_n,317610_261242973907491_1535588756_n
309765_264749746890147_949140236_n,309765_264749746890147_949140236_n
%e3%82%b9%e3%82%af%e3%83%aa%e3%83%bc%e3%83%b3%e3%82%b7%e3%83%a7%e3%83%83%e3%83%88-2016-12-08-%e5%8d%88%e5%89%8d0-27-01,attachment-0
12115843_1053683987996715_1523236658893347012_n-2,12115843_1053683987996715_1523236658893347012_n-2
スクリーンショット 2016-12-15 1.33.05,attachment-0
スクリーンショット2016,attachment-0
FB-icon,fb-icon
13891869_1259376237407938_2869940426462843493_n,13891869_1259376237407938_2869940426462843493_n
187A9419,187a9419
写真 2016-12-28 16 13 35,attachment-0
写真 2016-12-28 16 13 17,attachment-0
写真 2016-12-28 23 27 06,attachment-0
写真 2016-12-28 23 26 55,attachment-0
写真 2016-12-28 19 48 31,attachment-0
写真 2016-12-28 16 24 40,attachment-0
スクリーンショット 2017-01-11 午後10.39.00,attachment-0
スクリーンショット 2017-01-11 午後10.46.22,attachment-0
スクリーンショット 2017-01-11 午後11.55.52,attachment-0
15936463_399690040422953_3674721130826618437_o,15936463_399690040422953_3674721130826618437_o
15936669_399690700422887_3482442595503512156_o,15936669_399690700422887_3482442595503512156_o
bncgakubuch_banner,bncgakubuch_banner
cropped-top_image,cropped-top_image
29ed35b3-98da-4a20-88fe-0addc3e80161,29ed35b3-98da-4a20-88fe-0addc3e80161
9a7463cb-a8b3-4b6e-98a7-f41165bf8ccd,9a7463cb-a8b3-4b6e-98a7-f41165bf8ccd
message-3-700x1061,message-3-700x1061
スクリーンショット 2017-01-14 午前11.16.45,attachment-0
写真 2017-01-14 14 54 48,attachment-0
fe-TdTje,fe-tdtje
42293160cdf8b2350d05c8814ec42fe7,42293160cdf8b2350d05c8814ec42fe7
banner_yagilog,banner_yagilog
6fvVCc7D,6fvvcc7d
ccT5ifcG,cct5ifcg
スクリーンショット 2017-01-18 午後9.35.16,attachment-0
スクリーンショット 2017-01-18 午後9.35.06,attachment-0
OH53_ipponnoki500,oh53_ipponnoki500
スクリーンショット 2017-01-18 午後9.51.23,attachment-0
gush5,gush5
スクリーンショット 2017-01-18 午後11.14.05,attachment-0
スクリーンショット 2017-01-18 午後10.57.16,attachment-0
スクリーンショット 2017-01-18 午後10.56.59,attachment-0
スクリーンショット 2017-01-18 午後10.56.46,attachment-0
tsuruno34_TP_V,tsuruno34_tp_v
スクリーンショット 2017-01-19 午前1.15.30,attachment-0
スクリーンショット 2017-01-19 午前1.49.05,attachment-0
スクリーンショット 2017-01-19 午前1.56.33,attachment-0
写真 2017-01-10 14 45 19,attachment-0
写真 2017-01-10 14 45 17,attachment-0
写真 2017-01-10 14 45 07,attachment-0
写真 2017-01-10 14 45 04,attachment-0
写真 2017-01-10 14 44 54,attachment-0
写真 2017-01-10 14 44 18,attachment-0
写真 2017-01-10 14 39 07,attachment-0
写真 2017-01-10 14 39 04,attachment-0
写真 2017-01-10 14 38 08,attachment-0
写真 2017-01-10 14 38 04,attachment-0
LxHEO-0x,lxheo-0x
5p1pVIhB,5p1pvihb
VZ_YR7JE,vz_yr7je
SA3tGADP,sa3tgadp
bow,bow
green_maxfloppy220141024222803_TP_V,green_maxfloppy220141024222803_tp_v
スクリーンショット 2017-01-22 午後2.27.40,attachment-0
スクリーンショット 2017-01-22 午後2.27.30,attachment-0
1398414_239231746236168_1233969501_o,1398414_239231746236168_1233969501_o
スクリーンショット 2017-01-22 午後11.24.55,attachment-0
スクリーンショット 2017-01-22 午後11.15.58,attachment-0
300x100_02,300x100_02
logoa4,logoa4
スクリーンショット 2017-01-26 13.58.35,attachment-0
スクリーンショット 2017-01-26 13.41.25,attachment-0
スクリーンショット 2017-01-26 14.14.22,attachment-0
スクリーンショット 2017-01-26 14.14.06,attachment-0
lancers,lancers
スクリーンショット 2017-01-28 午後1.16.12,attachment-0
スクリーンショット 2017-01-27 午後8.33.18,attachment-0
icon,icon
トップ画像３ (1),attachment-0
写真 2017-02-01 18 58 45,attachment-0
写真 2017-02-01 17 20 12,attachment-0
写真 2017-02-01 17 23 22,attachment-0
写真 2017-02-01 18 07 21,attachment-0
写真 2017-02-01 18 07 23,attachment-0
写真 2017-02-01 18 58 29,attachment-0
写真 2017-02-01 18 58 31,attachment-0
写真 2017-02-01 18 58 36,attachment-0
写真 2017-02-01 18 58 45,attachment-0
写真 2017-02-01 18 58 47,attachment-0
写真 2017-02-01 18 58 48,attachment-0
写真 2017-02-01 18 58 51,attachment-0
写真 2017-02-09 12 19 20,attachment-0
写真 2017-02-08 20 59 42,attachment-0
写真 2017-02-08 20 59 15,attachment-0
写真 2017-02-06 22 48 45,attachment-0
写真 2017-02-06 21 46 13,attachment-0
2u8Mjr-E,2u8mjr-e
41Lf+3KXOGL,41lf3kxogl
515iBS4b4wL,515ibs4b4wl
スクリーンショット 2017-01-26 午前3.31.03,attachment-0
スクリーンショット 2017-01-26 午前3.30.48,attachment-0
写真 2017-02-13 12 23 55,attachment-0
写真 2017-02-14 15 44 51,attachment-0
写真 2017-02-14 0 27 41,attachment-0
写真 2017-02-14 0 27 25,attachment-0
写真 2017-02-14 0 27 12,attachment-0
写真 2017-02-14 0 26 49,attachment-0
写真 2017-02-14 0 25 58,attachment-0
snslogo,snslogo
tsuruno22_TP_V (1),tsuruno22_tp_v-1
スクリーンショット 2017-03-11 午後11.43.10,attachment-0
スクリーンショット 2017-03-11 午後11.44.29,attachment-0
logoatama,logoatama
写真 2017-02-17 16 45 53,attachment-0
スクリーンショット 2017-03-12 午前0.33.04,attachment-0
スクリーンショット 2017-03-15 17.08.40,attachment-0
2014_08_145633EOS-6D-1024x682,2014_08_145633eos-6d-1024x682
1df6a5c67a21845d09408b13f802fac9,1df6a5c67a21845d09408b13f802fac9
aMPf_5bF,ampf_5bf
nomado,nomado
スクリーンショット 2017-03-17 午前9.17.12,attachment-0
MIYAKO92_minaminosimadenomado20140727_TP_V,miyako92_minaminosimadenomado20140727_tp_v
YOSX9845_TP_V,yosx9845_tp_v
YOSX9743_TP_V,yosx9743_tp_v
AKANE072122928_TP_V,akane072122928_tp_v
YMD93_mugiwaraboutoumi_TP_V,ymd93_mugiwaraboutoumi_tp_v
PAK85_mitukattahoukokusyo20140905_TP_V,pak85_mitukattahoukokusyo20140905_tp_v
GREEN_SO20140125_TP_V,green_so20140125_tp_v
スクリーンショット 2017-03-17 午前10.07.49,attachment-0
2330044065_03682e251a_b,2330044065_03682e251a_b
366190064_8114b4e55d_b,366190064_8114b4e55d_b
3522805317_5e48f43451_b,3522805317_5e48f43451_b
2447226527_3cb262a427_b (1),2447226527_3cb262a427_b-1
2447226527_3cb262a427_b,2447226527_3cb262a427_b
11078609433_37dc7847c5_k,11078609433_37dc7847c5_k
4792484602_ddaaae0ac9_b,4792484602_ddaaae0ac9_b
4792484602_ddaaae0ac9_z,4792484602_ddaaae0ac9_z
4753404133_675a02fc6d_b,4753404133_675a02fc6d_b
1df6a5c67a21845d09408b13f802fac9,1df6a5c67a21845d09408b13f802fac9-2
13891869_1259376237407938_2869940426462843493_n,13891869_1259376237407938_2869940426462843493_n-2
11788748704_8962711e20_k,11788748704_8962711e20_k
16840395246_9653b7184f_k,16840395246_9653b7184f_k
3035228108_4cc3702e70_b,3035228108_4cc3702e70_b
8554933153_4949b51566_h,8554933153_4949b51566_h
be12a526,be12a526
f77a0f41-s,f77a0f41-s
写真 2017-03-28 22 26 21,attachment-0
写真 2017-03-26 17 23 50,attachment-0
写真 2017-03-26 14 17 11,attachment-0
写真 2017-03-26 14 17 03,attachment-0
写真 2017-03-26 13 50 48,attachment-0
写真 2017-03-26 13 42 42,attachment-0
188940146837293553_1isHBMsN_f,188940146837293553_1ishbmsn_f
102,102
5023f5786e92031182884689661d4197_s,5023f5786e92031182884689661d4197_s
flight-sky-clouds-fly,flight-sky-clouds-fly
brooke-cagle-39570,brooke-cagle-39570
StockSnap_Z3YSCK2EG9,stocksnap_z3ysck2eg9
pexels-photo-259251,pexels-photo-259251
16053504967_0537e02379_z,16053504967_0537e02379_z
写真 2017-04-29 11 28 24,attachment-0
写真 2017-04-29 11 27 27,attachment-0
写真 2017-04-29 11 13 53,attachment-0
写真 2017-04-28 17 44 04,attachment-0
写真 2017-04-28 17 34 18,attachment-0
写真 2017-04-28 17 00 50,attachment-0
写真 2017-04-28 16 55 50,attachment-0
写真 2017-04-28 16 55 38,attachment-0
写真 2017-04-28 14 32 29,attachment-0
写真 2017-04-28 9 03 23,attachment-0
写真 2017-04-28 9 03 20,attachment-0
写真 2017-04-28 8 42 10,attachment-0
写真 2017-04-28 14 32 29,attachment-0
写真 2017-05-09 9 04 43,attachment-0
写真 2017-05-07 18 32 05,attachment-0
写真 2017-05-07 17 48 07,attachment-0
写真 2017-05-07 12 58 16,attachment-0
写真 2017-05-07 12 25 10,attachment-0
写真 2017-05-07 12 04 30,attachment-0
写真 2017-05-08 15 59 58,attachment-0
スクリーンショット 2017-05-11 21.35.36,attachment-0
marketing-man-person-communication,marketing-man-person-communication
pexels-photo-38940,pexels-photo-38940
pexels-photo-89873,pexels-photo-89873
pexels-photo-207691,pexels-photo-207691
写真 2017-05-15 22 52 04,attachment-0
scott-webb-22697,scott-webb-22697
1df6a5c67a21845d09408b13f802fac9,1df6a5c67a21845d09408b13f802fac9-3
souspeak-a_710x180,souspeak-a_710x180
souspeak-a_600x315,souspeak-a_600x315
souspeak-c_1200x630,souspeak-c_1200x630
souspeak-b_1200x630,souspeak-b_1200x630
souspeak-a_1000x165,souspeak-a_1000x165
one-million,one-million
sticker,sticker
1200_628,1200_628
e374eb01ff0df8d9c4a631ac91a89d2a_m,e374eb01ff0df8d9c4a631ac91a89d2a_m
写真 2017-05-17 21 45 23 (1),attachment-0
写真 2017-05-17 21 45 23,attachment-0-7
写真 2017-05-17 19 28 20,attachment-0
写真 2017-05-17 19 28 04,attachment-0
写真 2017-05-17 18 41 49,attachment-0
写真 2017-05-17 17 59 41,attachment-0
写真 2017-05-17 17 41 12,attachment-0
写真 2017-05-17 17 41 06,attachment-0
写真 2017-05-17 17 40 55,attachment-0
写真 2017-05-17 17 40 39,attachment-0
写真 2017-05-17 17 33 41,attachment-0
写真 2017-05-16 19 42 50,attachment-0
写真 2017-05-16 19 42 39,attachment-0
写真 2017-05-16 19 42 21,attachment-0
写真 2017-05-16 18 57 50,attachment-0
写真 2017-05-12 22 59 26 (1),attachment-0
写真 2017-05-12 22 59 18,attachment-0
写真 2017-05-12 16 48 58,attachment-0
写真 2017-05-12 16 19 19,attachment-0
写真 2017-05-12 16 19 07,attachment-0
写真 2017-05-12 15 52 15,attachment-0
写真 2017-05-12 12 13 40,attachment-0
写真 2017-05-12 12 00 50,attachment-0
写真 2017-05-12 12 00 48,attachment-0
写真 2017-05-08 9 23 30,attachment-0
写真 2017-05-15 18 47 32 (1),attachment-0
写真 2017-05-15 18 47 32,attachment-0
写真 2017-05-15 18 47 28,attachment-0
写真 2017-05-15 18 47 24,attachment-0
写真 2017-05-15 18 47 00,attachment-0
写真 2017-05-14 21 06 10,attachment-0
写真 2017-05-14 21 03 35,attachment-0
写真 2017-05-14 21 02 47,attachment-0
写真 2017-05-14 20 59 41,attachment-0
写真 2017-05-19 19 13 25,attachment-0
写真 2017-05-21 20 37 42,attachment-0
写真 2017-05-20 10 01 28,attachment-0
写真 2017-05-19 15 31 01,attachment-0
5db722b2afce4bc80fc1d4601af37025_m,5db722b2afce4bc80fc1d4601af37025_m
写真 2017-05-19 12 00 31,attachment-0
PAK95_sunadokei20141018123010_TP_V,pak95_sunadokei20141018123010_tp_v
写真 2017-05-14 18 57 03,attachment-0
写真 2017-05-14 20 59 41,attachment-0
写真 2017-05-14 21 03 35,attachment-0
写真 2017-05-14 21 06 10,attachment-0
写真 2017-05-15 18 47 24,attachment-0
写真 2017-05-15 18 47 28,attachment-0
写真 2017-05-10 20 22 07,attachment-0
写真 2017-05-10 20 24 37,attachment-0
写真 2017-05-10 20 46 02,attachment-0
写真 2017-05-07 10 02 07,attachment-0
写真 2017-05-07 10 02 25,attachment-0
写真 2017-05-07 10 15 44,attachment-0
写真 2017-04-28 14 32 29,attachment-0
cfdcc50d3ff6502881247f4c6030649a_s,cfdcc50d3ff6502881247f4c6030649a_s
feba9782b17be7a68c6d66d3e028692c_m,feba9782b17be7a68c6d66d3e028692c_m
gatag-00011306,gatag-00011306
スクリーンショット 2017-05-28 0.39.36,attachment-0
スクリーンショット 2017-05-28 0.39.20,attachment-0
publicdomainq-0001625wrqkdr,publicdomainq-0001625wrqkdr
283_large,283_large
free-768x512,free-768x512
toplogo,toplogo
logo,logo-3
pc_main,pc_main
S__30359554,s__30359554
liverty_logo-4,liverty_logo-4
写真 2017-06-30 19 56 29,attachment-0
写真 2017-06-30 20 29 05,attachment-0
写真 2017-06-30 20 29 09,attachment-0
9XHbYykaTW2M._UX300_TTW_,9xhbyykatw2m-_ux300_ttw_
OizKEvHTS2y._UX300_TTW_,oizkevhts2y-_ux300_ttw_
61gOL+7D+IL._SL1000_,61gol7dil-_sl1000_
pexels-photo-408477,pexels-photo-408477
DSC03111-3,dsc03111-3
DSC03114,dsc03114
スクリーンショット 2017-08-19 14.30.09,attachment-0
写真 2017-08-17 9 57 33,attachment-0
写真 2017-08-18 22 02 53,attachment-0
写真 2017-08-18 22 02 57,attachment-0
写真 2017-08-19 6 18 53,attachment-0
写真 2017-08-19 6 50 28,attachment-0
写真 2017-08-19 6 55 21,attachment-0
21616786_766108566909972_502726830_o,21616786_766108566909972_502726830_o
pexels-photo-345135,pexels-photo-345135
shower,shower
gym,gym
f1733b8cba31b9811c9ccf2e0e4264e4_m,f1733b8cba31b9811c9ccf2e0e4264e4_m
写真 2017-09-09 9 58 15,attachment-0
写真 2017-09-09 9 58 10,attachment-0
写真 2017-09-09 9 57 29,attachment-0
写真 2017-09-09 9 57 12,attachment-0
写真 2017-09-09 9 57 06,attachment-0
写真 2017-09-09 9 57 00,attachment-0
写真 2017-09-09 9 34 14,attachment-0
写真 2017-09-09 9 34 07,attachment-0
動画 2017-09-09 9 33 01,attachment-0
写真 2017-09-09 9 33 00,attachment-0
写真 2017-09-09 9 32 39,attachment-0
写真 2017-09-09 9 32 12,attachment-0
写真 2017-09-09 9 32 04,attachment-0
写真 2017-09-09 9 31 29,attachment-0
写真 2017-09-09 10 19 11,attachment-0
写真 2017-09-09 10 19 22,attachment-0
bed,bed
adorable-20374_1280,adorable-20374_1280
time,time
sleep,sleep
night,night
noon,noon
morning,morning
写真 2017-09-28 10 01 48,attachment-0
写真 2017-09-28 9 57 01,attachment-0
写真 2017-07-31 13 33 09,attachment-0
写真 2017-07-31 13 33 04,attachment-0
写真 2017-07-31 13 17 48,attachment-0
写真 2017-07-31 13 17 10,attachment-0
写真 2017-07-31 13 16 52,attachment-0
写真 2017-09-30 11 09 26,attachment-0
写真 2017-09-30 11 09 22,attachment-0
写真 2017-09-30 11 09 12,attachment-0
写真 2017-09-30 11 07 03,attachment-0
写真 2017-09-30 11 06 53,attachment-0
写真 2017-09-30 11 05 59,attachment-0
index_article_060,index_article_060
写真 2017-09-30 14 08 09,attachment-0
写真 2017-09-30 14 07 21,attachment-0
写真 2017-09-28 12 01 38,attachment-0
yameta,yameta
写真 2017-09-20 18 07 09,attachment-0
calendar,calendar
スクリーンショット 2017-10-03 14.51.12,attachment-0
スクリーンショット 2017-10-03 14.52.12,attachment-0
写真 2017-09-26 18 22 38 (1),attachment-0
写真 2017-09-26 18 20 05 (1),attachment-0
写真 2017-09-26 18 19 23 (1),attachment-0
写真 2017-09-26 18 18 48 (1),attachment-0
写真 2017-09-26 18 16 18 (1),attachment-0
写真 2017-09-26 18 15 43 (1),attachment-0
写真 2017-09-26 18 15 40 (1),attachment-0
写真 2017-09-26 18 13 52,attachment-0
スクリーンショット 2017-10-03 15.18.14,attachment-0
スクリーンショット 2017-10-03 15.17.58 1,attachment-0-8
写真 2017-10-23 11 14 21,attachment-0
スクリーンショット 2017-12-24 12.36.41,attachment-0
Tbjvvoei_400x400,tbjvvoei_400x400
スクリーンショット 2018-01-18 20.37.32,attachment-0
スクリーンショット 2018-01-18 20.54.31,attachment-0
写真 2017-12-18 16 31 43,attachment-0
写真 2017-12-18 15 57 03,attachment-0
写真 2017-12-18 15 26 22,attachment-0
写真 2017-12-18 15 19 27,attachment-0
写真 2017-12-18 15 19 20,attachment-0
写真 2017-12-18 15 15 45,attachment-0
写真 2017-12-18 15 04 51,attachment-0
写真 2017-12-18 14 41 23,attachment-0
写真 2017-12-18 14 32 20,attachment-0
写真 2017-12-18 14 31 57,attachment-0
写真 2017-12-18 14 29 01,attachment-0
写真 2017-12-18 14 28 49,attachment-0
写真 2017-12-18 14 26 40,attachment-0
写真 2017-12-18 14 15 40,attachment-0
写真 2017-12-19 13 12 02 (1),attachment-0
写真 2017-12-19 13 09 06,attachment-0
写真 2017-12-19 13 08 48,attachment-0
写真 2017-12-19 15 40 01,attachment-0
写真 2017-12-19 15 39 57,attachment-0
写真 2017-12-19 15 39 54,attachment-0
写真 2017-12-19 13 12 02,attachment-0
写真 2017-12-19 12 52 22,attachment-0
写真 2017-12-19 12 52 19,attachment-0
写真 2017-12-19 12 52 16,attachment-0
写真 2017-12-18 23 09 02,attachment-0
写真 2017-12-18 23 04 14,attachment-0
写真 2017-12-18 18 41 23,attachment-0
写真 2017-12-18 18 32 20,attachment-0
タビトラくん編集後_180126_0003,attachment-0
タビトラくん編集後_180126_0003,attachment-0
タビトラくん元画像_180126_0003,attachment-0
100lists,100lists
suhyeon-choi-263981,suhyeon-choi-263981
Screenshot 2018-02-01 at 07.31.33,screenshot-2018-02-01-at-07-31-33
Screenshot 2018-02-01 at 07.30.55,screenshot-2018-02-01-at-07-30-55
写真 2018-01-27 21 08 18,attachment-0
写真 2018-01-27 21 08 16,attachment-0
写真 2018-01-27 21 08 14,attachment-0
写真 2018-01-27 21 07 57,attachment-0
写真 2018-01-27 21 08 09 (1),attachment-0
タビトラくん元画像_180207_0015,attachment-0
タビトラくん元画像_180207_0014,attachment-0
タビトラくん元画像_180207_0010,attachment-0
ファイル-2018-02-06-21-03-33-1024x768,attachment-0
写真 2018-01-27 16 59 58 (1),attachment-0
写真 2018-01-27 16 47 26,attachment-0
写真 2018-01-27 16 30 33,attachment-0
14939507_1317757144922730_4481953711339161684_o,14939507_1317757144922730_4481953711339161684_o-2
DWRQyr-U8AAfuxQ,dwrqyr-u8aafuxq
タビトラくん編集後_180126_0003,%e3%82%bf%e3%83%92%e3%82%99%e3%83%88%e3%83%a9%e3%81%8f%e3%82%93%e7%b7%a8%e9%9b%86%e5%be%8c_180126_0003
inatabi-logo,inatabi-logo-2
cropped-inatabi-logo.jpg,cropped-inatabi-logo-jpg
tab,tab
main,main
01,01
02,02
03,03-2
04,04
05,05
06,06
07,07
08,08
09,09
10,10
11,11
12,12
13,13
14,14
15,15
16,16
basic,basic
DPR01gtU8AEnJlS,dpr01gtu8aenjls
S__2129925,s__2129925
S__1900549,s__1900549
11890970_1021788401186274_7534053022911316598_n,11890970_1021788401186274_7534053022911316598_n
軽トラハウス_171104_0014,%e8%bb%bd%e3%83%88%e3%83%a9%e3%83%8f%e3%82%a6%e3%82%b9_171104_0014
182361_501283439903442_491009968_n,182361_501283439903442_491009968_n
01,01-2
02,02-2
03,03-3
04,04-2
05,05-2
06,06-2
07,07-2
08,08-2
09,09-2
10,10-2
11,11-2
12,12-2
13,13-2
14,14-2
15,15-2
16,16-2
basic,basic-2
DZ2E9hwUMAMBppk,dz2e9hwumambppk
IMGP0172,imgp0172
IMGP0155,imgp0155
IMGP0185,imgp0185
IMGP0130,imgp0130
IMGP0146,imgp0146
IMGP0151,imgp0151
IMGP0168,imgp0168
IMGP0207,imgp0207
IMGP0170,imgp0170
IMGP0214,imgp0214
IMGP0158,imgp0158
IMGP0172,imgp0172-2
IMGP0123.jpg,imgp0123-jpg
IMGP0126,imgp0126
IMGP0161,imgp0161
DSC_0354,dsc_0354
31491536_1909683275730111_3253107263346311168_o,31491536_1909683275730111_3253107263346311168_o
100challenge,100challenge-2
37629935_1818986271522850_5614786531035185152_n (2),37629935_1818986271522850_5614786531035185152_n-2
DZXuAqHVQAABcel,dzxuaqhvqaabcel
36709382_1793476377407173_4981189768663531520_n,36709382_1793476377407173_4981189768663531520_n
IMG_3632,img_3632
IMG_3638,img_3638
IMG_3637,img_3637
IMG_3640,img_3640
スクリーンショット 2018-07-30 11.36.43,%e3%82%b9%e3%82%af%e3%83%aa%e3%83%bc%e3%83%b3%e3%82%b7%e3%83%a7%e3%83%83%e3%83%88-2018-07-30-11-36-43
IMG_3641,img_3641
IMG_3633 2,img_3633-2
ben-white-197668-unsplash,ben-white-197668-unsplash
priscilla-du-preez-234138-unsplash,priscilla-du-preez-234138-unsplash
j-kelly-brito-256889-unsplash,j-kelly-brito-256889-unsplash
IMGP0873,imgp0873
KAZUHIRO171013377_TP_V,kazuhiro171013377_tp_v
6,6
adult-bench-business-man-272064,adult-bench-business-man-272064
1,1
salon-banner_ikeda-hayato,salon-banner_ikeda-hayato-2
1618452_722658927765891_1942105744_n,1618452_722658927765891_1942105744_n-2
IMG_3773,img_3773
IMG_3775,img_3775
IMG_3776,img_3776
IMG_3774,img_3774
IMG_3772,img_3772
IMG_3777,img_3777
thai,thai-2
madori,madori-2
youtube-logo,youtube-logo-3
CY2K0rvUkAA0clt,cy2k0rvukaa0clt-2
trackpad,trackpad-2
10261654_58106143d6c62,10261654_58106143d6c62
130293847_o11,130293847_o11
IMG_3803,img_3803
IMG_3808,img_3808
IMG_3807,img_3807
130293847_o19,130293847_o19
132694732,132694732
IMG_3808,img_3808-2
wil-stewart-24562-unsplash,wil-stewart-24562-unsplash
IMG_3860,img_3860
IMG_3860,img_3860-2
IMG_3858,img_3858
IMG_3849,img_3849
IMG_3851,img_3851
スクリーンショット 2018-08-15 20.24.11,%e3%82%b9%e3%82%af%e3%83%aa%e3%83%bc%e3%83%b3%e3%82%b7%e3%83%a7%e3%83%83%e3%83%88-2018-08-15-20-24-11
ts_mirror1301,ts_mirror1301
9,9
2,2
7,7
2,2-2
5,5
11,11-3
9,9-2
8,8-2
IMG_3944,img_3944
IMG_3943,img_3943
スクリーンショット 2018-08-23 9.23.26,%e3%82%b9%e3%82%af%e3%83%aa%e3%83%bc%e3%83%b3%e3%82%b7%e3%83%a7%e3%83%83%e3%83%88-2018-08-23-9-23-26
スクリーンショット 2018-08-23 9.22.54,%e3%82%b9%e3%82%af%e3%83%aa%e3%83%bc%e3%83%b3%e3%82%b7%e3%83%a7%e3%83%83%e3%83%88-2018-08-23-9-22-54
スクリーンショット 2018-08-24 13.52.45,%e3%82%b9%e3%82%af%e3%83%aa%e3%83%bc%e3%83%b3%e3%82%b7%e3%83%a7%e3%83%83%e3%83%88-2018-08-24-13-52-45
005,005
038,038
104,104
113,113
097,097
100,100
120,120
077,077
086,086
071,071
tanjobi_kanban201310,tanjobi_kanban201310
show_image,show_image
ticket_birth_sticker,ticket_birth_sticker
kyle-head-764720-unsplash,kyle-head-764720-unsplash
IMG_4005,img_4005
IMG_4020,img_4020
IMG_4019,img_4019
IMG_4018,img_4018
IMG_4016,img_4016
IMG_4015,img_4015
IMG_4014,img_4014
IMG_4013,img_4013
IMG_4012,img_4012
IMG_4011,img_4011
IMG_4010,img_4010
IMG_4009,img_4009
IMG_4008,img_4008
IMG_4006,img_4006
IMG_4005,img_4005-2
IMG_4015,img_4015-2
rawpixel-626044-unsplash,rawpixel-626044-unsplash
PASONA_4_TP_V,pasona_4_tp_v
apartment-architecture-art-276724,apartment-architecture-art-276724
9845c438d969f817b6a2d3fbce7547cb2d71e504,9845c438d969f817b6a2d3fbce7547cb2d71e504
6f02dcbda50575cc60e6829985b62e29ba1ec358,6f02dcbda50575cc60e6829985b62e29ba1ec358
7212c97b4a12867e210bc9b3960b234a14ef56c4,7212c97b4a12867e210bc9b3960b234a14ef56c4
9dcd0b0822ecc780b76f78af0377c28882dfa162,9dcd0b0822ecc780b76f78af0377c28882dfa162
IMG_4054,img_4054
IMG_4053,img_4053
IMG_4052,img_4052
369cb434f989de1958276ccdbcca72b08e8992af,369cb434f989de1958276ccdbcca72b08e8992af
スクリーンショット 2018-09-04 12.13.58,%e3%82%b9%e3%82%af%e3%83%aa%e3%83%bc%e3%83%b3%e3%82%b7%e3%83%a7%e3%83%83%e3%83%88-2018-09-04-12-13-58
スクリーンショット 2018-09-04 12.14.59,%e3%82%b9%e3%82%af%e3%83%aa%e3%83%bc%e3%83%b3%e3%82%b7%e3%83%a7%e3%83%83%e3%83%88-2018-09-04-12-14-59
スクリーンショット 2018-09-04 12.17.46,%e3%82%b9%e3%82%af%e3%83%aa%e3%83%bc%e3%83%b3%e3%82%b7%e3%83%a7%e3%83%83%e3%83%88-2018-09-04-12-17-46
20171213094326,20171213094326
20180121155724,20180121155724
27459425_1588313337926141_3865088839088992432_n,27459425_1588313337926141_3865088839088992432_n
DU7TRDyU8AES9lw,du7trdyu8aes9lw
スクリーンショット 2018-09-04 12.32.06,%e3%82%b9%e3%82%af%e3%83%aa%e3%83%bc%e3%83%b3%e3%82%b7%e3%83%a7%e3%83%83%e3%83%88-2018-09-04-12-32-06
スクリーンショット 2018-09-05 22.17.14,%e3%82%b9%e3%82%af%e3%83%aa%e3%83%bc%e3%83%b3%e3%82%b7%e3%83%a7%e3%83%83%e3%83%88-2018-09-05-22-17-14
軽トラハウス2,%e8%bb%bd%e3%83%88%e3%83%a9%e3%83%8f%e3%82%a6%e3%82%b92
スーツケースとリュックで旅,%e3%82%b9%e3%83%bc%e3%83%84%e3%82%b1%e3%83%bc%e3%82%b9%e3%81%a8%e3%83%aa%e3%83%a5%e3%83%83%e3%82%af%e3%81%a6%e3%82%99%e6%97%85
12888558_1148486651849781_278080133758726145_o,12888558_1148486651849781_278080133758726145_o
27983150_1825224940842612_8136314442905051513_o (1),27983150_1825224940842612_8136314442905051513_o-1
keagan-henman-625468-unsplash,keagan-henman-625468-unsplash
background-balance-business-583846,background-balance-business-583846
bath-towels-bathroom-laundry-45980,bath-towels-bathroom-laundry-45980
apple-blur-cellphone-270666,apple-blur-cellphone-270666
pexels-photo-1054974,pexels-photo-1054974
road-sky-clouds-cloudy,road-sky-clouds-cloudy
pexels-photo-105857,pexels-photo-105857
lucas-favre-662474-unsplash,lucas-favre-662474-unsplash
kave-638246_640,kave-638246_640
PAK58_kiokuyorikiroku_TP_V4,pak58_kiokuyorikiroku_tp_v4
AW9V9A3496_TP_V4,aw9v9a3496_tp_v4
pexels-photo,pexels-photo
pexels-photo-90368,pexels-photo-90368
pexels-photo-326339,pexels-photo-326339
W9V9A3468_TP_V4,w9v9a3468_tp_v4
kaleidico-754428-unsplash,kaleidico-754428-unsplash
スクリーンショット 2018-09-07 14.10.52,%e3%82%b9%e3%82%af%e3%83%aa%e3%83%bc%e3%83%b3%e3%82%b7%e3%83%a7%e3%83%83%e3%83%88-2018-09-07-14-10-52
beard-bonding-community-708440,beard-bonding-community-708440
IMG_3933,img_3933
スクリーンショット 2018-09-12 6.21.31,%e3%82%b9%e3%82%af%e3%83%aa%e3%83%bc%e3%83%b3%e3%82%b7%e3%83%a7%e3%83%83%e3%83%88-2018-09-12-6-21-31
スクリーンショット 2018-09-12 6.51.45,%e3%82%b9%e3%82%af%e3%83%aa%e3%83%bc%e3%83%b3%e3%82%b7%e3%83%a7%e3%83%83%e3%83%88-2018-09-12-6-51-45
スクリーンショット 2018-09-12 6.51.45,%e3%82%b9%e3%82%af%e3%83%aa%e3%83%bc%e3%83%b3%e3%82%b7%e3%83%a7%e3%83%83%e3%83%88-2018-09-12-6-51-45-2
aircraft-airplane-architectural-design-747079,aircraft-airplane-architectural-design-747079
スクリーンショット 2018-09-16 12.41.39,%e3%82%b9%e3%82%af%e3%83%aa%e3%83%bc%e3%83%b3%e3%82%b7%e3%83%a7%e3%83%83%e3%83%88-2018-09-16-12-41-39
スクリーンショット 2018-09-16 12.41.21,%e3%82%b9%e3%82%af%e3%83%aa%e3%83%bc%e3%83%b3%e3%82%b7%e3%83%a7%e3%83%83%e3%83%88-2018-09-16-12-41-21
スクリーンショット 2018-09-16 12.39.00,%e3%82%b9%e3%82%af%e3%83%aa%e3%83%bc%e3%83%b3%e3%82%b7%e3%83%a7%e3%83%83%e3%83%88-2018-09-16-12-39-00
スクリーンショット 2018-09-16 12.52.42,%e3%82%b9%e3%82%af%e3%83%aa%e3%83%bc%e3%83%b3%e3%82%b7%e3%83%a7%e3%83%83%e3%83%88-2018-09-16-12-52-42
36569214_196663421034939_8753727636598947840_n,36569214_196663421034939_8753727636598947840_n
スクリーンショット 2018-09-17 17.58.01,%e3%82%b9%e3%82%af%e3%83%aa%e3%83%bc%e3%83%b3%e3%82%b7%e3%83%a7%e3%83%83%e3%83%88-2018-09-17-17-58-01
logo,logo-4
logo,logo-5
lauren-lulu-taylor-692833-unsplash,lauren-lulu-taylor-692833-unsplash
img003,img003
img002,img002
スクリーンショット 2018-09-19 20.24.10,%e3%82%b9%e3%82%af%e3%83%aa%e3%83%bc%e3%83%b3%e3%82%b7%e3%83%a7%e3%83%83%e3%83%88-2018-09-19-20-24-10
100-bank-notes-bills-2099,100-bank-notes-bills-2099
enneagram,enneagram
d7c73e5d18d7f228d353ec60ba472b60,d7c73e5d18d7f228d353ec60ba472b60
aaron-burden-236415-unsplash,aaron-burden-236415-unsplash
スクリーンショット 2018-09-21 20.30.26,%e3%82%b9%e3%82%af%e3%83%aa%e3%83%bc%e3%83%b3%e3%82%b7%e3%83%a7%e3%83%83%e3%83%88-2018-09-21-20-30-26
スクリーンショット 2018-09-23 20.52.54,%e3%82%b9%e3%82%af%e3%83%aa%e3%83%bc%e3%83%b3%e3%82%b7%e3%83%a7%e3%83%83%e3%83%88-2018-09-23-20-52-54
スクリーンショット 2018-09-30 20.39.18,%e3%82%b9%e3%82%af%e3%83%aa%e3%83%bc%e3%83%b3%e3%82%b7%e3%83%a7%e3%83%83%e3%83%88-2018-09-30-20-39-18
IMG_4195,img_4195
IMG_4181,img_4181
IMG_4194,img_4194
スクリーンショット 2018-10-02 20.35.27,%e3%82%b9%e3%82%af%e3%83%aa%e3%83%bc%e3%83%b3%e3%82%b7%e3%83%a7%e3%83%83%e3%83%88-2018-10-02-20-35-27
スクリーンショット 2018-10-02 20.42.17,%e3%82%b9%e3%82%af%e3%83%aa%e3%83%bc%e3%83%b3%e3%82%b7%e3%83%a7%e3%83%83%e3%83%88-2018-10-02-20-42-17
スクリーンショット 2018-10-02 20.43.20,%e3%82%b9%e3%82%af%e3%83%aa%e3%83%bc%e3%83%b3%e3%82%b7%e3%83%a7%e3%83%83%e3%83%88-2018-10-02-20-43-20
スクリーンショット 2018-10-02 20.48.25,%e3%82%b9%e3%82%af%e3%83%aa%e3%83%bc%e3%83%b3%e3%82%b7%e3%83%a7%e3%83%83%e3%83%88-2018-10-02-20-48-25
IMG_4229,img_4229
IMG_4230,img_4230
IMG_4231,img_4231
IMG_4232,img_4232
IMG_4233,img_4233
IMG_4234,img_4234
IMG_4235,img_4235
IMG_4236,img_4236
IMG_4237,img_4237
IMG_0206,img_0206
IMG_0207,img_0207
IMG_0208,img_0208
IMG_0209,img_0209
IMG_0210,img_0210
IMG_4244,img_4244
IMG_4243,img_4243
スクリーンショット 2018-10-06 20.51.33,%e3%82%b9%e3%82%af%e3%83%aa%e3%83%bc%e3%83%b3%e3%82%b7%e3%83%a7%e3%83%83%e3%83%88-2018-10-06-20-51-33
スクリーンショット 2018-10-06 20.46.22,%e3%82%b9%e3%82%af%e3%83%aa%e3%83%bc%e3%83%b3%e3%82%b7%e3%83%a7%e3%83%83%e3%83%88-2018-10-06-20-46-22
スクリーンショット 2018-10-06 20.46.22のコピー,%e3%82%b9%e3%82%af%e3%83%aa%e3%83%bc%e3%83%b3%e3%82%b7%e3%83%a7%e3%83%83%e3%83%88-2018-10-06-20-46-22%e3%81%ae%e3%82%b3%e3%83%92%e3%82%9a%e3%83%bc
スクリーンショット 2018-10-06 20.46.12,%e3%82%b9%e3%82%af%e3%83%aa%e3%83%bc%e3%83%b3%e3%82%b7%e3%83%a7%e3%83%83%e3%83%88-2018-10-06-20-46-12
スクリーンショット-2018-10-08-09.00.46.png,%e3%82%b9%e3%82%af%e3%83%aa%e3%83%bc%e3%83%b3%e3%82%b7%e3%83%a7%e3%83%83%e3%83%88-2018-10-08-09-00-46-png
スクリーンショット-2018-10-08-09.31.20.png,%e3%82%b9%e3%82%af%e3%83%aa%e3%83%bc%e3%83%b3%e3%82%b7%e3%83%a7%e3%83%83%e3%83%88-2018-10-08-09-31-20-png
IMG_4265,img_4265
IMG_4269,img_4269
IMG_4279,img_4279
IMG_4289,img_4289
IMG_4292,img_4292
IMG_4289,img_4289-2
43787795_1828661200562373_24146937498304512_n,43787795_1828661200562373_24146937498304512_n
43787795_1828661200562373_24146937498304512_n,43787795_1828661200562373_24146937498304512_n-2
guilherme-cunha-222337-unsplash,guilherme-cunha-222337-unsplash
11154_621905174507934_1508812505_n,11154_621905174507934_1508812505_n
1157520_621904944507957_2095434984_n,1157520_621904944507957_2095434984_n
IMG_4345,img_4345
IMG_4353,img_4353
IMG_4346,img_4346
IMG_4352,img_4352
IMG_4337,img_4337
IMG_4334,img_4334
IMG_4325,img_4325
IMG_4332,img_4332
IMG_4319,img_4319
IMG_4314,img_4314
IMG_4362,img_4362
IMG_4360,img_4360
IMG_4361,img_4361
IMG_4359,img_4359
IMG_4358,img_4358
IMG_4357,img_4357
IMG_4356,img_4356
IMG_4378,img_4378
IMG_4394,img_4394
IMG_4392,img_4392
IMG_4393,img_4393
IMG_4463,img_4463
IMG_4485,img_4485
IMG_4484,img_4484
IMG_4483,img_4483
IMG_4482,img_4482
IMG_4481,img_4481
IMG_4492,img_4492
IMG_4491,img_4491
IMG_4490,img_4490
IMG_4489,img_4489
IMG_4488,img_4488
IMG_4487,img_4487
IMG_4496,img_4496
IMG_4497,img_4497
スクリーンショット 2018-10-25 10.14.04,%e3%82%b9%e3%82%af%e3%83%aa%e3%83%bc%e3%83%b3%e3%82%b7%e3%83%a7%e3%83%83%e3%83%88-2018-10-25-10-14-04
スクリーンショット 2018-10-25 10.13.32,%e3%82%b9%e3%82%af%e3%83%aa%e3%83%bc%e3%83%b3%e3%82%b7%e3%83%a7%e3%83%83%e3%83%88-2018-10-25-10-13-32
スクリーンショット 2018-10-25 10.13.22,%e3%82%b9%e3%82%af%e3%83%aa%e3%83%bc%e3%83%b3%e3%82%b7%e3%83%a7%e3%83%83%e3%83%88-2018-10-25-10-13-22
スクリーンショット 2018-10-25 10.12.41,%e3%82%b9%e3%82%af%e3%83%aa%e3%83%bc%e3%83%b3%e3%82%b7%e3%83%a7%e3%83%83%e3%83%88-2018-10-25-10-12-41
スクリーンショット 2018-10-25 10.22.00,%e3%82%b9%e3%82%af%e3%83%aa%e3%83%bc%e3%83%b3%e3%82%b7%e3%83%a7%e3%83%83%e3%83%88-2018-10-25-10-22-00
Screenshot 2018-10-26 at 20.22.53,screenshot-2018-10-26-at-20-22-53
IMG_4592,img_4592
スクリーンショット 2018-10-31 07.01.05,%e3%82%b9%e3%82%af%e3%83%aa%e3%83%bc%e3%83%b3%e3%82%b7%e3%83%a7%e3%83%83%e3%83%88-2018-10-31-07-01-05
newlogo711,newlogo711
0f295877,0f295877
スマフラ留学サイト,%e3%82%b9%e3%83%9e%e3%83%95%e3%83%a9%e7%95%99%e5%ad%a6%e3%82%b5%e3%82%a4%e3%83%88
スクリーンショット 2018-12-21 23.59.44,%e3%82%b9%e3%82%af%e3%83%aa%e3%83%bc%e3%83%b3%e3%82%b7%e3%83%a7%e3%83%83%e3%83%88-2018-12-21-23-59-44
IMG_5598,img_5598
スクリーンショット 2019-03-29 12.58.36,%e3%82%b9%e3%82%af%e3%83%aa%e3%83%bc%e3%83%b3%e3%82%b7%e3%83%a7%e3%83%83%e3%83%88-2019-03-29-12-58-36
スクリーンショット 2019-03-29 12.31.26,%e3%82%b9%e3%82%af%e3%83%aa%e3%83%bc%e3%83%b3%e3%82%b7%e3%83%a7%e3%83%83%e3%83%88-2019-03-29-12-31-26
スクリーンショット 2019-03-29 12.31.39,%e3%82%b9%e3%82%af%e3%83%aa%e3%83%bc%e3%83%b3%e3%82%b7%e3%83%a7%e3%83%83%e3%83%88-2019-03-29-12-31-39
スクリーンショット 2019-03-29 12.32.27,%e3%82%b9%e3%82%af%e3%83%aa%e3%83%bc%e3%83%b3%e3%82%b7%e3%83%a7%e3%83%83%e3%83%88-2019-03-29-12-32-27
スクリーンショット 2019-03-29 12.47.29,%e3%82%b9%e3%82%af%e3%83%aa%e3%83%bc%e3%83%b3%e3%82%b7%e3%83%a7%e3%83%83%e3%83%88-2019-03-29-12-47-29
スクリーンショット 2019-03-29 12.47.40,%e3%82%b9%e3%82%af%e3%83%aa%e3%83%bc%e3%83%b3%e3%82%b7%e3%83%a7%e3%83%83%e3%83%88-2019-03-29-12-47-40
スクリーンショット 2019-03-29 12.48.00,%e3%82%b9%e3%82%af%e3%83%aa%e3%83%bc%e3%83%b3%e3%82%b7%e3%83%a7%e3%83%83%e3%83%88-2019-03-29-12-48-00
スクリーンショット 2019-03-29 12.48.36,%e3%82%b9%e3%82%af%e3%83%aa%e3%83%bc%e3%83%b3%e3%82%b7%e3%83%a7%e3%83%83%e3%83%88-2019-03-29-12-48-36
スクリーンショット 2019-03-29 12.54.48,%e3%82%b9%e3%82%af%e3%83%aa%e3%83%bc%e3%83%b3%e3%82%b7%e3%83%a7%e3%83%83%e3%83%88-2019-03-29-12-54-48
seven_eleven,seven_eleven
IMG_5787,img_5787
IMG_5787,img_5787-2
seven_eleven,seven_eleven-2
IMG_5784,img_5784
IMG_5861,img_5861
IMG_5862,img_5862
スクリーンショット 2019-05-11 08.23.22,%e3%82%b9%e3%82%af%e3%83%aa%e3%83%bc%e3%83%b3%e3%82%b7%e3%83%a7%e3%83%83%e3%83%88-2019-05-11-08-23-22
IMG_5983,img_5983
IMG_5982,img_5982
IMG_5975,img_5975
IMG_5974,img_5974
IMG_5965,img_5965
IMG_5962,img_5962
IMG_5961,img_5961
IMG_5950,img_5950
IMG_5933,img_5933
IMG_5932,img_5932
IMG_5932 2,img_5932-2
IMG_5973,img_5973
IMG_6132,img_6132
IMG_6130,img_6130
IMG_6129,img_6129
IMG_6128,img_6128
IMG_6108,img_6108
IMG_6074,img_6074
IMG_6056,img_6056
IMG_6051,img_6051
IMG_6033,img_6033
IMG_6031,img_6031
IMG_5806,img_5806
IMG_5805,img_5805
IMG_7647,img_7647
IMG_7632,img_7632
IMG_5609,img_5609
IMG_5586,img_5586
IMG_5572,img_5572
IMG_5571,img_5571
Before,before-2
IMG_6519,img_6519
IMG_6510,img_6510
IMG_6517,img_6517
スクリーンショット 2019-06-12 20.00.48,%e3%82%b9%e3%82%af%e3%83%aa%e3%83%bc%e3%83%b3%e3%82%b7%e3%83%a7%e3%83%83%e3%83%88-2019-06-12-20-00-48
IMG_6537,img_6537
IMG_6531,img_6531
IMG_6524,img_6524
IMG_6522,img_6522
IMG_6519 2,img_6519-2
IMG_6510 2,img_6510-2
フィリピン0円留学,%e3%83%95%e3%82%a3%e3%83%aa%e3%83%92%e3%82%9a%e3%83%b30%e5%86%86%e7%95%99%e5%ad%a6
students,students
callcenter,callcenter
相談に乗ります！ (1),%e7%9b%b8%e8%ab%87%e3%81%ab%e4%b9%97%e3%82%8a%e3%81%be%e3%81%99%ef%bc%81-1
0yen,0yen
13921010_1261738370505058_7593704642003268959_n-300x300,13921010_1261738370505058_7593704642003268959_n-300x300
スクリーンショット 2020-09-29 12.34.41,%e3%82%b9%e3%82%af%e3%83%aa%e3%83%bc%e3%83%b3%e3%82%b7%e3%83%a7%e3%83%83%e3%83%88-2020-09-29-12-34-41
スクリーンショット 2020-09-29 12.45.17,%e3%82%b9%e3%82%af%e3%83%aa%e3%83%bc%e3%83%b3%e3%82%b7%e3%83%a7%e3%83%83%e3%83%88-2020-09-29-12-45-17
スクリーンショット 2020-09-29 12.47.11,%e3%82%b9%e3%82%af%e3%83%aa%e3%83%bc%e3%83%b3%e3%82%b7%e3%83%a7%e3%83%83%e3%83%88-2020-09-29-12-47-11
D7Ki4qRR_400x400 (3),d7ki4qrr_400x400-3
IMG_20210704_234609,img_20210704_234609
IMG_20210704_225809,img_20210704_225809
IMG_20210704_225818,img_20210704_225818
IMG_20210704_232437,img_20210704_232437
IMG_20210704_232446,img_20210704_232446
Home,home
福岡ブロガー会,fukuoka-bloggerkai
Contact,3076
SIMPLESTER-Ver5-3,simplester-ver5-3
SIMPLESTER-Ver5-3,simplester-ver5-3-2
sango-theme-child,sango-theme-child
Profile,profile
旅する人生,%e6%97%85%e3%81%99%e3%82%8b%e4%ba%ba%e7%94%9f
個人で稼ぐスキル,%e5%80%8b%e4%ba%ba%e3%81%a7%e7%a8%bc%e3%81%90%e3%82%b9%e3%82%ad%e3%83%ab
旅先の情報,%e6%97%85%e5%85%88%e3%81%ae%e6%83%85%e5%a0%b1
ノマドの持ち物,%e3%83%8e%e3%83%9e%e3%83%89%e3%81%ae%e6%8c%81%e3%81%a1%e7%89%a9
【お問合せ】,%e3%81%8a%e5%95%8f%e5%90%88%e3%81%9b
IMG_20210704_232525,img_20210704_232525
IMG_20210704_232601,img_20210704_232601
IMG_20210704_232620,img_20210704_232620
IMG_20210704_234553,img_20210704_234553
IMG_20210704_232643,img_20210704_232643
IMG_20210704_234605,img_20210704_234605
福岡のゲストハウス巡り,guesthouse
MASA屋,bases-masaya
プライバシーポリシー及びその他の注意事項について,privacy-policy
お問い合わせ,contact
「masaya」のプロフィール,masaya-profile
福岡のゲストハウス求人情報まとめ,fukuokagh-kyujin
投稿ID/カテゴリーIDチェック,id
プロフィール,%e3%83%97%e3%83%ad%e3%83%95%e3%82%a3%e3%83%bc%e3%83%ab
テスト　トップ,toptest
デジタルノマドmasayaの【旅する人生】をコンテンツに！,life
【ノマドの持ち物】を紹介！コンパクトで多機能、コダワリのアイテム,item
【個人で稼ぐスキル】旅するための仕事を身に付ける。,skill
【旅先情報】デジタルノマドMasayaが書いた日本・海外での地域記事,localinfo
ブログ「inatabi」の歩き方【4つのカテゴリーについて】,howto
Satoriプログラム支払い,satori01
Checkout-Result,stripe-checkout-result
Products,products
Duet Displayで気軽にデュアルディスプレイ！２つのスクリーンで快適パソコン環境。,duet
リモートワークで学んだ｜Chatworkを使いこなしてどこでも仕事を！,chatwork
福岡の田舎の倉庫を見てインテリアデザイナーの友人が内装デザイン案をくれた！,mihael
もうボランティアはしない。きちんと稼がないと生きていけない。,volunteer
デュアルディスプレイ　おすすめのディスプレイ型番の紹介,dual-display
リモートでの働き方を学ぶ&quot;Future Workセミナー&quot;,futurework
BASEを使って無料で試す、スキルをお金に変える挑戦！,base-skill
高城剛おすすめ｜背負える機内持ち込みスーツケース,karrimor-airport-st40
最高にイカれたレース「モンゴルラリー」日本語にしてみた。,mongol-rally
ブログで稼いでいきたい人が絶対に早い段階に読むべき本5選,bloger-books
大学生活がつまらない僕が思いっきり楽しんで卒業できた理由,daigaku-tsumaranai
泣き虫克服、泣き虫まーくんだった僕が強い心になれた３つの理由,nakimushi
カナダワーホリで後悔したこと｜準備が必要なこと,workingholiday-better
彼女の初めての国内ゲストハウス感想を聞いてみた。,gusesthouse-mamiko
Mac用クリップボード管理アプリ&quot;Paste&quot;が超便利！必須！,paste
好きを仕事にしなきゃと思って内定辞退し大卒後４年目の僕の生活,life
挑戦できない人へ「〇〇があるから大丈夫」と知ると挑戦できる！,safetynet
ヨッセンスクールに入会｜オンラインサロン,yosuschool
プロブロガーヨスさんと共通点が多いくて驚いた話,yosu
純粋な人が好きな理由｜純粋さから学べば人生が楽しくなる,junsui
福岡ランチパスポート｜オススメの掲載店まとめて紹介,fukuoka-lunchpassport-osusume
福岡のヒューマンアカデミー日本語教師養成講座で日本語教師になった,fukuoka-humanacademy
KIksterで初買い物｜防水圧縮バックパックGO BAG購入,kikster-gobag
フルグラの勧め！,granora
コスパ最強原付2種125cc Honda PCXに乗る理由,pcx
旅にいいカメラRICOH GR2を購入！一眼レフは大きすぎた重すぎた。,ricohgr2
深夜のアパートでも練習できるギター！サイレントギター&amp;ピックの最強コンビ,silent-guitar
初めてのバッテリー交換｜PCXのバッテリーを社外製に交換,battery-pcx
ライティングやSEOを学べるオススメ本まとめ｜月100万円稼いでる人に教えてもらいました。,writing-books
外国人と日本語で話す時に気をつけること,talkforeignerinjapanese
「Hostel AI」ディープな大阪と大阪のおばちゃんを思いっきり堪能した！,hostelai
福岡の日本語パートナーズ説明会参加｜感想も聞き、行きたくなった！,nihongo-partners
炭酸水を安く手にいれたい「ソーダストリーム」検討中,soda-stream
スマイリーフラワーズの国際交流ビーチパーティに行ってきました！,smiley-party
タビッピ,tabi
Amazonの欲しいものリストをブログで初公開！今月誕生日,hoshiimono-list
彼女が留学に行きたいと言ったら彼氏は後押しすべし！会えなくて別れたらそれまで,kanojyo-ryugaku
夜行バスで福岡〜東京へ｜夜行バス乗り継ぎ初体験,fukuoka-tokyo-buss
名刺をコンビニ印刷で即作る方法！名刺を忘れた時の対処法,meishi-conbini
海外旅行にいい財布まとめ｜フェイクから正統派まで,kaigai-saifu
志賀島の飲食店まとめ｜ランチ、ディナーにいいお店をご紹介,shikanoshima
志賀島へのアクセス方法まとめ｜福岡の陸続きの離島へ行く交通手段,shikanoshinma-access
2016年前後にオープンした福岡のゲストハウスを調べ,fukuoka-guesthouse2016
外国人に紹介したい福岡のゲストハウスまとめ5選,gaikokujin-guesthouse
NPO・中小企業のためのデジタルマーケターに僕はなる！,digital-marketer
留学・旅で役立つアプリまとめ｜,ryuggaku-apuri
留学中で役立つスマフォ・パソコンの使い方,tabisaki-pasokon
留学中の携帯はどうする？日本で解約する？Wifi？｜高額請求対策,ryugaku-keitai
ブログで願っていたことが起こった！,blog-renraku
小型プロジェクターを無線接続！外出先で身軽な最強コンビ,projecter-setsuzoku
福岡市東区にOPENするカレー屋の開業準備を追ってみた！,fukuoka-higashiku-curry
僕の旅行での持ち物、おすすめのアイテム紹介！,ryokou-mochimono
旅行での持ち物。カップル編,ryokou-mochimono-couple
海外でのアルバイトについて｜ワーホリ先でのバイトは最高に楽しい！,kaigai-arubaito
飲食店開業時に登録した方がいいサービスまとめ,insyoku-touroku
イナタビお問い合わせフォーム作りました！,otoiawase
志賀島のランチ店おすすめまとめ！カフェ、海鮮、カレー店,shikanoshima-lunch
英語が話せない人が外国旅行するときのおすすめアイテム！,yubisashi
香港でプリペイドSIMデビュー！シムフリーiPhone SE初活躍！！,honkon-sim
香港経由で中国深センへ商材探し！その道で月100万稼ぐ友人からもらったヒントを元に探してみた,sinsen-shiire
福岡春吉にゲストハウス作るプロジェクトに関わります！,haruyoshi-guesthouse
格安SIMのmineoならデータ容量が永久繰越できる！,mineo-kurikosi
福岡でコーチングの初回無料体験を受けました！,coaching-fukuoka
「福岡ブロガー会」チームで本格始動します！,fukuoka-blogger-start
新卒フリーターからフリーランスとして独立し安定するまでの記録,shinsotsu-furita
結婚できました！新卒フリーターから,kekkon-shinsotusufree
ミニマムコストを追求したら3万円だった話。ミニマムコストを知るのはデメリットもある,minimum-cost
初心者におすすめのアコギミニギター、トラベルギターをサイズ別に紹介,mini-guitar
ブロガー友達が欲しくて！交流会で出会ったブロガーさんとサシでお会いしてきた。,blogger-friends
留学経験者が英語を生かせる仕事まとめ,ryugaku-shigoto
忙しすぎても大事なことをしっかりとして、人生の満足感を得る方法,isogasii
遊ぶ時に罪悪感を抱かずに、思いっきり遊ぶ,no-zaiakukan
Facebookで改行して読みやすい文章を投稿やコメント欄に入力する方法,facebook-kaigyo
ミニマリストに合う名刺入れ！ロンド工房カードリッジ,minimum-saifu
ミニマリスト四角大輔さん使用の財布「バタフライウォレット」購入！,yosumidaisuke-wallet
新しいことが続かない人へ　コーチングで教えてもらったことまとめ,tsudukanai
ミニマリストを目指す僕のコンパクトな財布、小銭入れ、名刺入れ紹介,minimalist-compact
ダンス留学！旅をする楽しみを,dance-ryugaku
Macbook airの寿命？不具合を感じたときにできる対策！突然死する前に。,macbookair-taisaku
ブログを続けるメリットまとめ！,blog-merit
福岡開催の中国インバウンドビジネス講座に参加してきました。,fukuoka-china
ご縁で奇跡的に生かされている僕が人とサシで会う理由とその時に大事にしていること,goen-daiji
カナダ留学で人生が変わった僕が「留学先で失敗したな」と思った数少ないポイント,ryugaku-shippai
ミニマリストへのプレゼントの選び方・オススメのモノ！ミニマリスト目指す僕がまとめてみた,minimalist-gift
福岡のアウトレット店まとめ鳥栖、マリノア、その他も！お得に買い物,fukuoka-outlet
全10回コーチングで学んだ理想的な自分になって夢を叶える方法,coaching-tobe
留学は「自己手配が一番安い」は嘘！賢くエージェント留学会社を使うべき理由とその使い方,jikotehai
「留学の成果」を振り返る。カナダワーホリとフィリピン留学を経て,eyugaku-seika
フィリピン留学で面白い人と会ったら人生変わると思う,fillipin-omoshiro
フリーランス独立が怖い人に贈る「最悪、失敗しても生きて行く」方法,seikatsuhi
ラブグラファー養成講座に参加したらとんでもなくミスマッチだった話,lovegragher
カナダ留学で日本人女性はブスになる？,kanadaryugaku-busu
フリーランスは孤独。コワーキングスペースが素敵だった,freelance-yousei
hinodeとまるも比較,hinode-marumo
札幌の留学会社まとめ｜比較して安く効率的に留学準備！,sapporo-ryugaku-5
奇跡の高知旅！,kouchi
【新婚別居】結婚生活7ヶ月で妻はワーホリへ、僕は家なし旅生活スタート,shinkon-bekkyo
チャリでお遍路さんしてたおっちゃんに現金全部あげた話,ohenro
IFTTT等のアプリ連携をしてくれるツールで自動化しよう！おすすめツールと連携例まとめ,apuri-renkei
Macbook 12inch 社外品のおすすめ充電器は,macbook12inch-charge
ダイエット中「間食のチョコレート食べたい、やめられない」をなくす簡単な方法,diet-chocolate
Masayaの夢｜田舎に移住してやりたいこと,dream
目標達成して自由になったのに虚しい自分。これからは純粋な感情を大事に生きる！,change
【随時更新】うきは市地域別のオススメなお店まとめ,ukiha-osusume-omise
人生を変えた習慣、時代別まとめ,syukan
「#日々実験」に生きます。「仕事は楽しいかね？」で得たアイデア,hibijikken
世界一過酷なモーターレース「Mongol Ralley」マジぶっ飛んでる！サイトを日本語訳してみた。,mongol_ralley
エコビレッジ&quot;サイハテ&quot;の村案内を体験してきた！,saihate-annai
熊本天草、三角の子供集まれ！コドラボで〜,kodorabo
僕が「福岡県うきは市」に移住を決めた理由,ukiha-reason
「フォンターニュの森」にサポートメンバーとして関わり始めました。,atelierfontaine-support
業務効率化ツール「kintone」をNPO法人への導入お手伝い中！,kintone-npo
「うきは」での物件決定！住み開き準備中です。,ukiha-bukken
【新居公開】うきは市吉井町の「レンガ邸」に引っ越し完了。遊びにきてね！,renga-tei
フリーランスが地域おこし協力隊として働くメリット・デメリット,freelance-kyoryokutai
【新民泊法案】住んでる賃貸で民泊許可を取る方法！書類の集め方まとめ,minpaku-chintai
趣味のアコギ歴10年。9本目に行き着いた「ギター」紹介！,acousticguitar
イメチェンでヒゲを伸ばすのに役立ったサイトまとめ,hige_info
ヒゲを伸ばす時に不安なこと&amp;その解決策まとめ,hige_fuan
エニタイムフィットネスを海外(ニュージーランド)でも使ってみた,anytime-nz
慎重派のための【初の海外一人旅】スムーズに進める手順とポイント,first_journey
フリーランスの不安から脱する方法)自分が選んだ道,free_fuan
2018年コンパクトでレトロなミラーレス一眼レフまとめ,retro-mirrorless
スポンサー募集！,sponcer
定住生活のメリット・デメリット,teijyu-life
定住しない生き方,np-teijyu
真面目で繊細な人のための生存戦略！,majime
「第一印象はよくない方が期待されなくて良い」そう思います。,firstimp
軽トラハウスでも自動車事故後の対応が超丁寧「ソニー損保」,jiko-hoken
「START UP」で記事を書かせてもらいました！,start-up
うきは市のレンガ邸を退去決定！福岡市内に戻ります。,ukihatofukuoka
既にフリーランスな僕が「プログラミング学習」をする理由,freelance-programing
「目的のある旅」と「目的のない旅」それぞれの魅力について,tabi-mokuteki
旅好きな人にオススメのライフスタイル　仕事・住居・生活,tabi-life
留学業界の闇「留学カウンセラー」という仕事をしている人の話を聞いた。,ryugaku-yami
Chromebookの最新動向を追ってみた！LINUX、Windowsも使えるように？,chromebook2018
留学エージェントの見積もりの見方・注意点を３つのポイントで解説,ryugaku-mitsumori
【福岡初】話題の「親子留学」事業をスタートされた井口なつみさんに話を聞いてきた。,ryuiku-interview
病院に行くほどでもないけど「生活に支障をきたすほどの落ち込み」にcotreeおすすめ！,cotree
【無資格でもOK】観光ガイドを仕事に！旅行者と地元民のマッチングサービス「otomo」,otomo
加部島で拠点整備中！和室を無垢材フローリング&amp;漆喰の部屋に,kabeshima-office
妻との関係性を改めます。,tsuma
Jellyとイケダハヤトブログ塾で学びながら稼ぐことに挑戦します！,challenge
インターネットビジネスで稼いでた！音楽家を目指す高士くん,takashi
【2018年最新版】福岡の留学会社まとめ｜比較して安く効率的に留学準備！,fukuoka-ryugaku
ブログ運営報告｜1ヶ月目でアドセンスいくら稼げたのか公開！,adsense-1month
正統派アフィリエイトJelly｜博多Bases勉強会初参加,jelly-first
イケダハヤトのブログ塾退会｜退会理由と１ヶ月で得たこと,ikedahayato-taikai
test,test
名刺を格安で印刷するならラクスル！,rakusuru-meishi
「0円留学」体験者の声〇〇に聞いてみた。,0yen-taiken
【人生を加速】なりたい自分になった気で考え、振る舞う。を実践してみた。,kasoku
フィリピンのマニラに来た感想やココで聞けた面白い話を紹介します！,omoshiro-phi
GRCをVPSで使うなら「KAGOYA CLOUD／2」が最安！設定方法も紹介,grc-vps-kagoya
【近況報告】30歳になり大きな転換期を迎えました。就職・起業・引っ越し予定,30years
Uber Eatsを始める時に用意しておきたいもの（詰め物など）,uber_items
低金利ローンでロードバイクを購入するなら「ワイズロード」がおすすめ,ysroad_loan
福岡ランチパスポートvol.9の掲載店10軒の感想とオススメ店舗,lunchpassport-matome10
ブログ運営報告2ヶ月目｜4934PVと収益2845円,blog-2month
福岡から気軽にいける都市まとめ｜格安LCC、船,lcc-fukuoka
ランチパスポート福岡天神・博多版vol.10は発売日4/25だよ,post-1706
mineoの契約で2100円初期費用を安くする裏ワザ,mineo-yasuku
Amazon出品者から試供品を貰って楽しむ｜無料でいろいろ買う方法,amazon-review
facebookの投稿が大文字に！大文字になる条件・方法を調べた,facebook-omoji
日本一のYoutuberになる&quot;ヒカル&quot;に学ぶ「ビジネスで大切なこと」,hikaru-youtuber
【2020年最新版】札幌の留学会社まとめ｜比較して安く効率的に留学準備！,sapporo-ryugaku
収益減らしてまでGoogle adsence(アドセンス広告)を辞めてブログから外した理由,adsence-hazusita
「ライフエンジン」に参加！2018年は人生加速しそう！,lifeengine
「睡眠の質」をあげるための栄養素を補うサプリまとめ,suimin-sapuri
【ゆる募】福岡で社会人の写真サークル始めます！写真好きカモン！,fukpic
フォトコンテストに応募するサークルでプレ撮影会を開催！,pre-photo
ヒゲのトリミングに失敗して一部ハゲた！整えるのに失敗した時は「アイブロー」,hige-shippai
【祝達成！100記事チャレンジ】振り返りとこれからのブログについて,100tassei
【映画別】トランスフォーマーの黄色い主役機「バンブルビー」変形フィギュア,bumblebee
これからのブログ運営・情報発信の仕方を改めます。過去記事全てチェック・修正します。,blog2
志賀島のディープスポット【シカシマ ペットショップ＆レンタカー】に潜入！,shikasima-pet-renta
【無料相談】福岡で僕に相談してくれる人を5人限定で募集してみます！,before30
ゲストハウス界音(かいね)｜福岡のゲストハウス巡りvol.1,kaine
Magic Trackpad2レビュー｜1が壊れて買い換えた比較感想,magictrackpad2
タイ仕入れてTシャツ販売。海外で活躍するデザイナーを目指すヒロシ,hiroshi
セブンイレブン公式キャラクター｜台湾のオープンちゃん,open-chan
福岡の田舎で奥行き25mの倉庫を格安で使えることに！,souko
田舎での活動に興味がある若者数名参加し倉庫の掃除へ,souko-cleanup
ITツールを使い遠隔で留学会社経営｜世界5周目の旅人Kenさん,ken
福岡のゲストハウスまとめリスト｜福岡県内の安宿一覧,guesthouse-list
フランスのアブナイお酒「アブサント」｜ストーリーがおもしろい,absinthe
福岡で外国人の友達を作りたい人必見国際交流の場まとめ,international-friends
Pentax K-S2 一眼レフおすすめレビュー｜使った感想,k-s2
ティピ作りワークショップ開催準備｜作り方の手順のおさらい,tipi
自由鳥フリーバード大橋｜オススメしたくなる焼き鳥屋さん,freebird
福岡の国際交流の場おしゃべりサロン｜彼女と出会った場所,salon
Amazon Primeビデオの英語の勉強におすすめの海外ドラマ3選,amazonprimevideo
ティピーを自作して焚き火｜初心者４人で作りあげました！,teepee
外国人にとって面白い日本のものまとめ,nihon-igai
宿泊費無料で自由に旅するツールまとめ｜WEBサイト、団体、言語,travel-free
大橋でゆっくりカフェするならライトハウスコーヒー｜個室あり,lighthouse-cofee
北九州で彼女が初めてのゲストハウス｜宿泊デビュー,kitakyushu-guesthouse
バイク防寒対策｜寒くても快適に通勤通学,baiku-boukantaisaku
韓国エスペラント語旅行でステキな経験ができた。彼女もできた。,esperanto-korea
台湾自転車一周旅経験｜チャリで台湾旅行したい人へ役立つ情報,round-taiwan
帰国後TOEIC365→725になった｜僕のワーホリの過ごし方,toeic-workingholiday
海外で日本について話せると強い！歴史苦手な英語学習者人へ,nihon-rekishi
Tanga table 北九州小倉｜福岡のゲストハウス巡り#2,tangatable
TunneL トゥネル 北九州門司港｜福岡のゲストハウス巡り#3,tunnel
「大學堂の大學丼」白飯だけの丼｜商店街(市場)で具材集め,daigakudo
外国人の友達が112カ国にできるかも｜エスペラント語とは何？,esperanto
クセの強いお勧めの洋酒3選｜国際交流で知ったおいしいお酒達,westernliquor
過去ベストのオンライン英会話発見！無料体験で試してみた感想,nativecamp
エスペラント語が使われてるもの・由来の名前などをまとめ,esperanto-well-known
航空券が一番安く買える時期まとめ！予約と渡航のベストを探せ,skyscanner-season
福岡のコワーキングスペース「ヨカラボ」スペシャル会員になったよ！,yokarabo-member
Yahoo知恵袋のパクリ｜知恵袋と似せたアフィリサイト発見！,yahoochiebukuro-pakuri
ランチパスポート福岡vol.9購入｜掲載店舗88店500円利用可,lunchpassport
電子印鑑がフリーで作成できるサイト｜印刷して押印しなくていい,denshi-inkan
天神SUZU CAFEスズカフェとろとろオムライス ランパス#1,suzucafe
ブログを書く理由｜なんでブログを続けるのかまとめてみた,blog-reason
福岡のコワーキングスペース｜博多天神のコワーク一覧まとめ,coworking-fukuoka
ワニ、ダチョウ、ラクダ肉が食べれる福岡のオーストラリアレストラン,ozroo
超簡単な会計ソフトfreee使ってます！初めての確定申告準備,freee
北九州門司港にあるウイグル自治区グリシェンカフェ｜古民家カフェ,gurishen-cafe
英語できる人向けの副業｜eBayで日本の物を売ってお金を作る方法,how-to-ebay
留学ワーホリ帰国後、日本で僕が英語力を維持している方法,keep-english
福岡のスタートアップカフェ会員の特典すごい！創業特区パワー！,startupcafe
福岡天神の沖縄｜行集談四朗商店のランチで沖縄気分を楽しめた！,okinawainfukuoka
シャンプーとリンスは不要！お湯シャン代用方法｜効果と感想,yusyan
福岡移住希望者へ家賃が安いおすすめの３万前後のリノベ物件,fukuoka-renovation
初リゾバ体験からメリット・デメリットと感想｜僕のリゾートバイト,resort-baito
電子書籍サイトBOOKSCANでkindle用に本を電子化｜感想,bookscan
まだ人間関係に消耗してるの？人との関わり方に悩んだら読む本まとめ,ningenkankei-hon
人生に大切なことを教えてくれるサラリと読める童話系の本３選,jinsei-no-hon-douwa
福岡の陸続きの志賀島(しかのしま)が熱い！住居・店舗での賃貸解禁,shikano-shima
オンラインサロン「ヨッセンスクール」退会理由とブログ塾の感想,yosu-school
人生初の確定申告完了！個人事業を開業する人に知っててほしいこと,kakuteishinkoku
自分で月10万円稼げるようになって変わったこと｜メリットまとめ,ebay-good
福岡でeBayでの個人輸出講座を初開催｜一ヶ月サポート開始！,ebay-support
文章を上手くなって、SEOを極めたい理由。僕がその先にしたいこと,seo
春に向けロードバイクのバーテープとペダル(片面SPD)交換,bicycle-peddale
ティピー作成に必要なものと費用内訳まとめ｜2万円以内でできた！,hiyou-tipi
ウクレレでジブリを弾く｜初めての趣味の弦楽器にオススメ,ukurere-ghibli
BOOKSCANのプレミアム会員を使いこなすための５つのヒント,bookscan-tips
旅用おすすめバックパックまとめ｜用途別,post-1463
ASUSのプロジェクターとFire TV Stickが最高！！,asus-projecter
賃貸解禁した志賀島に移住したい！みちきり貸家ツアーに参加してきた,michikiri-tour
クールでかっこいいWordPressテーマ Ver.11購入,wordpress-theme-cool
生活改善のため過去にやめて本当に良かったものまとめ6選,better-quit
コーヒーナップで効果的に昼寝をして効率的に時間を使おう！,coffee-nap
福岡のAirBnB説明会&amp;交流会に初参加｜エアビーで民泊したい！,fukuoka-airbnb
人生の選択肢で迷った時に役立つことわざ｜人間万事塞翁が馬,kotowaza-sentaku
ブロガー、副業、事業主にオススメな時間管理ツール「toggl」,toggl
パワートラベラー実践会に入会しました！感想と決意！！,powertraveler
石を積むアート「ロックバランシングがすごい！」志賀島でやってみた,rockbalancing
初めての空港泊にチャレンジしてみた｜成田空港第3ターミナル,narita
海外在住や旅人にオススメ！Bookscanのプレミアム会員ライト,premium-right
博多マルイオープン！無料のエポスカード作っとくとお得！！,epos
パソコン周りが理想に近づきました！PC周り公開してみる。,pc
もし新卒の内定辞退した23歳の自分に手紙を出せるなら何を言うだろう？卒業３年後の僕が届かない手紙を書いてみる,to-23yearsold
大橋で本場ネパール料理が楽しめる「ソルマリ」で羊の脳みそ食べた！,solmari
旅人のための最強クレジットカード「楽天プレミアムカード」,priority-pass
台湾旅行に行くけど中国語を話せない人が準備しとくべきもの！,taiwan-hanasenai
海外旅行で盲腸！帰国して緊急手術。盲腸の見分け方と保険について,moucyou
旅先での貴重品の管理やセキュリティについて,security
通信費を見直しました！格安SIMのmineoとSoftbank airを契約,mineo-kakuyasu
Chromebook flipに自作ウッドスキンシール！,chromebook-skin
「人生でしたいこと100のリスト」を作って自分がやりたいことを再認識,100list
国内外でのゲストハウス探し・予約に使っているサイトまとめ,guesthouse-yoyaku
スマフォ代が高い悩みを解決｜格安SIMに変えて節約する方法まとめ,kakuyasu-sim
久留米大学で留学・ワーホリ経験をプレゼンしました！大学とキャリア,kurume-ryugaku
大学を休学して留学(ワーキングホリデー)！人生が大きく変わった話,kyugaku-ryugaku
ブログの記事を100件達成！更新を半年続けて得た変化,100kiji
複数の仕事で楽しく働きました。2016年6月の僕の収入。,june2016-income
福岡からのワーキングホリデー｜留学会社やエージェントの選び方,workingholiday-fukuoka
Amazon Prime ビデオのおすすめ韓国語のドラマ３作品,korean-drama
福岡のおすすめ鍵屋さん！プロが丁寧な仕事でバイクの鍵作ってくれた,post-2035
カレー好き必見｜感動の味、ミールス！福岡106サウスインディアン,meals-fukuoka
旅用のおすすめカメラ RICOH GR2！一眼レフは重すぎた,ricohgr2-review
パソコン2台を快適に使い分ける。Macbook12インチとAirを所持,pasokon-2
「福岡ブロガー会」開催！福岡のブログ運営者のコミュニティ作り,fukuoka-blogger
かどやの50円アイスが安くて美味しい！美野島商店街の名物を食べてきた。,kadoya-icecream
マイナス思考を変える方法｜プラス思考になるため実践してみる！,mainasu-purasu
流行りのオンラインサロンを比較！４つへの入会を経験した感想,blogjyuku-hikaku
外国人の友達に荷物を送る方法｜送り方や料金、住所の書き方を解説,kaigai-tomodachi-nimotsu
福岡のブログ運営者で「福岡ブロガー交流会」参加ブロガーまとめ,blogger-matome
ライフパッキング2｜高城さんを真似してブログに公開してみる,lifepacking2-days
プロジェクターのスクリーン代用にはニトリの格安ロールスクリーン！,projector-screen-nitori
福岡で川遊びとBBQを楽しむなら「いこいの里 千石峡」がおすすめ,kawaasobi-bbq-fukuoka
Adwords認定資格取得者に！セミナーと試験難易度について,google-adwords-seminar
志賀島の空き家掃除を手伝ってきた！「メガネカレー」開業応援,shikanoshima-cleanup
スタンディングデスクで無理なく運動不足対策｜在宅勤務に最適！,standingdesk
バイク(自転車)のさび取りはコーラとダイヤモンドパフで決まり！,sabi-coke
海外ドラマ「フレンズ」を見て英語の勉強！僕が上達した方法,friends-eigo
瞑想用 座布団のすすめ！クッションがあると楽に集中できる！,meisou-zabuton
ワーキングホリデーが35歳までに！30歳以上でも行ける,australia-workingholiday30
太宰府にゲストハウスが！阿蘇び心(あそびごころ)に泊まってきた。,dazaifu-guesthouse
ライダーズカフェが福岡にも！太宰府の「SAMBO CAFE」,riderscafe-fukuoka
福岡で初心者ブロガー・ライター MEET UPを開催します！,fukuoka-meetup
人口知能AIがブロガー・ライターの仕事へ与える影響を考えて働こう,ai-blogger-writer
初めての空港お迎えもこれで安心！知っておいた方がいいことまとめ,kukou-omukae
福岡のランゲージエクスチェンジまとめ｜言語交換で英語学習,languageexchange-fukuoka
Netflixで英語の勉強におすすめな海外ドラマ5選,netflix-eigo
双極性男子ブロガーほっしーさんと福岡でトークイベント開催します！,hossy-event
念願の三角エコビレッジ&quot;サイハテ&quot;に行ってきた,saihate
留学行きたい人のための留学準備の英会話に初参加してきた。,eyugaku-eikawa
旅人のための本格的なブログの作り方！初心者向けブログ開始方法,tabibito-blog
志賀島でツーリングがてら新店のmegane curryに行って来た！,megane-curry-open
韓国釜山のおすすめの宿！ユサンゲストハウスで楽しく国際交流,korea-guesthouse
ブログが続かない人へ！更新を続けるための方法と僕の決意,blog-tsudukanai
明太子食べ放題が500円以下で！福岡の福太郎の最強ランチ！！,mentaiko-500
福岡から韓国釜山へ格安海外旅行！フェリービートルで往復5000円,korea-beetle
初めてのGoPRO！ hero 5 sessionにした理由と感想,goproherosession5
福岡で日帰り島旅行！行き方・フェリー乗り場まとめ。猫島、海外も！,fukuoka-shima
デビット・キャッシュカードが読み込めない！磁気不良、磁石に注意,cashcard-jiki
インスタグラマーの募集！旅人向けのinstagramでのお仕事情報,instagramer-shigoto
博多駅の隣「祇園駅」近くのゲストハウス中今に宿泊してきた！,nakaima
ブログのおかげで得た僕のフリーランスとしての仕事｜2017年の活動予定！,2017-zenhan
2017年福岡に新しく開業するゲストハウスまとめ,fukuoka-guesthouse2017
2017年初心者向けWordPressテーマの選び方と無料・有料別おすすめまとめ,wordpress-template
福岡のわらび餅はモナカで！自転車で移動販売する伝説のわらびもち「博多一番太鼓」,fukuoka-warabimochi
ギターを自宅で練習するための騒音対策｜深夜の都会でもギターを練習する方法,ie-gita
ランサーズでロゴ募集！コンペで111件の提案から納得いくものができました！,lancers-logo
SNSでの情報断捨離！Facebook・Twitterを通して人との付き合い方を見直した。,sns-dansyari
セブンイレブン1000円縛りの宅飲みが楽しい！,seven-takunomi
PS VITA TVで2人プレイをプロジェクターで！コンパクトなのに大画面！,psvitatv-2players
iPhone用bluetoothキーボードの決定版！これで外でも快適タイピング,iphone-keyboard
初めてのスパイスカレー！3種類のスパイスから始めました。,currylife-start
フリーランスに「コーチング」は絶対オススメ！効果を体験中です。,coaching
世界一周や旅の前に留学を！スキルや語学力をつけて旅をより楽しく！,ryugaku-trip
ブログに役立つツール情報を交換！福岡ブロガー会のシェア会,blog-tool
サウスピークのブロガー無料招待に合格！無料でフィリピン留学へ！,southpeak-blogger
ノマドワーカーという働き方をする上でフリーランス・会社員が注意すべきこと,nomad-worker
【フィリピン留学の準備】Skype相談後、事前学習始めました！,fillipins-ryugaku
大人ピクニックが楽しい！ハンモック、スラックライン、食べ物を持ち寄って盛り上がろう！！,picnic-otona
留学を失敗とかホント？よく聞く失敗談の事例と後悔しない留学について,ryugaku-shippaitaisaku
偽善者のススメ！真の善意でなくても「偽善者マジうざい」と言われても善いことはした方がいい！,gizensya
フィリピンが楽しい！留学前に前乗りして旅行中、2日目。,fillipin-fun
サウスピーク初日の感想。ガチで英語学習に集中できる環境だよココ！,souspeak-1stday
英語が通じない理由は「発音」だった。「テレパシー能力」で伝わってた説,telepathy
英語を短期間で集中して学習・習得できる最強の環境はフィリピンにあり！,eigo-tanki
セブ・オスメニアサークル周辺のWifiあり作業できるカフェまとめ,cebu-circle-cafe
ワーホリで後悔している人は「フィリピン留学」でリベンジを！,wahori-fillipines
「日本国内のゲストハウスは日本人も泊まれるの？」泊まれます！楽しいよ！,guesthouse-nihonjin
「愚者は経験に学び、賢者は歴史に学ぶ」て格言あるけど自分で失敗する価値あるよね,orokamon
もしワーホリ前にフィリピン留学してたら、こうなってたかも！,fillipines
手遊びのおもちゃ紹介！ストレス発散・集中力UPに効果アリ？,teasobi
ホームレスになります。楽しみにしてたゲストハウスの仕事、辞退しました。,homeless
【東京・千葉旅行】ブロガー・フリーランスに有名な場所、コミュニティを巡る,tokyo-blogger
「誕生日に孤独」を回避！フレンドファンディング「polca」初体験,polca
軽トラを自作モバイルハウスにして住んでみたい！軽トラハウス生活への不安と対策,keitora-house
ASUSプロジェクターZenBeam E1とS1の比較レビュー,asus-zenbeame1
ミニマリストのスーツケース Zuca Pro Kuro LUX Travelレビュー！整理整頓・機内持込可,zuca-prokurolux-travel
手作りキャンピングカーのベースとなる「レトロな軽トラ」を購入！,campingcar-retro-keitora
軽トラキャンピングカーDIYのための「荷台サイズ等の計測」,keitoracamper-size
自作「軽キャンピングカー」完成！準備・製作、完成までの流れ,nagare
タビトラくんブログ「軽キャンピングカー生活」始めました。,tabitorakun-blog
【うきは市日帰り観光】ある地域おこし協力隊員のお勧めコース紹介！,ukiha-higaeri
新婚別居中の妻のいるニュージーランドへサプライズしてきた。,surprise-nz
僕の「やりたいことリスト100」Vol.2 前回から2年経ったので書き直してみた。,list100-2nd
格安でプロフィール写真撮影してもらいました！in 福岡県うきは市,profile-picture
Polcaで修理代応援してもらって軽トラハウスのタイヤのパンク修理！,polca-pank
エコビレッジ「サイハテ」に滞在中！滞在者募集中だよ！,saihate-writer
ブログをリニューアル！WP有料テーマ、似顔絵を活用,renewal
意外に好きなこと、得意なことの見つけ方【いつもと違うことをする】,igai
福岡県「うきは市」に移住決定！地域おこし協力隊員としても活動始めます。,ukiha-kettei
目的と手段を履き違えて活動して「5年」もう明確な夢や長期目標はいらない。,re-start
旅生活と定住生活のバランス「デジタルノマドの悩み」,nomad-balance
外国人を自宅に泊めて国際交流を楽しむ方法まとめ,let-stay-travelers
うきは市の「白壁通りエリア」のおすすめ観光スポットまとめ,shirakabe-area
ブログ毎日更新「#100記事チャレンジ」に挑戦。恐怖の罰ゲーム有り,100challenge
スマホとは一味違う写真が撮れる「コンパクトな本格カメラ」3選！,condeji
【夏を感じる写真】をキレイに撮影できる「PL &amp; NDフィルター」,plnd_summer
旅する軽トラハウス「タビトラくん」レンタル中！香春町テッシーさん,ktrahouse-travel
最新ガジェット入門機まとめ「ドローン・VR・360°カメラ」,latest_tools
ヒゲを伸ばして得た変化「メリット・デメリット」,hige
あると便利！「伸ばしたヒゲ」のお手入れ道具の紹介,hige_dougu
僕がヒゲを伸ばした理由ときっかけ,hige_kikkake
マウス腱鞘炎になりにくい「トラックボールマウス」が超楽！,trackball
超コンパクトで格安なミラーレス一眼レフ「Pentax Q-S1」で撮影練習中,q-s1
【福岡】最新一眼レフ&amp;レンズを無料レンタルできる場所を発見！,free-rental
良書「SLEEP」を読んで取り入れた睡眠の質をあげる1日の過ごし方,suimin-shitsu
【旅行用の速乾タオル比較】コンパクトさ・速乾性能・肌触り,pack-towel
座学が嫌いな人にオススメの英語学習方法！僕はこれで日常会話レベル,zagaku-kirai
【時期別】フリーランスで個人事業主な僕の悩みと解決策の記録,freelance_nayami
【月刊 inatabi】8月号 〜夢破れ、ヒゲ生える〜,aug2018
「Apple Watch使わなくなった」スマートウォッチが旅人に向かない理由,applewatch
「時間がない」をやめる。日々の生活を効率化して時間を作る方法,dailylife
2018年の今、初心者が型落ちミラーレス一眼【X-T1】を買うべき理由,xt1-2018
コンデジGR2「ゴミやホコリがレンズに詰まる問題」の対策,gr2-hokori
【旅行先でも熟睡できる】4つのアイテムと1つの方法,sleepitem
革バンドのアウトドア腕時計「CASIO プロトレック」PRG-600YL-5JF,prg-600yl-5jf
レトロなデザインのカメラに似合う！「革のストラップ」を購入,camerastrap
【お酒をやめたい】断酒よりも「基本飲まない」くらいがいい,no-dansyu
旅好きな僕の自宅での【PC作業環境】紹介！簡易で快適！！,minikankyo
パソコン・スマフォの充電コード類をコンパクトにできるアイテム紹介,charger
ミラーレス一眼「T-X1」で星空撮影！カメラの設定・撮影の方法,hoshi-tx1
完全にペーパーレスで身軽な生活！手順とルール作りを紹介,paperless
レンズ別にカメラのフィルターは不要「ステップアップリングを活用,stepupring
旅用の三脚は「一脚+ミニ三脚」が最強説,3kyaku
「仕事の効率化」をしたいならまずは仕事を詰め込みまくろう！,kouritsuka
NPOにオススメ「kintone」でできること・アプリ・プラグインまとめ,kintone-apps
妻が福岡の自宅でヘナタトゥーを始めました。モルモット募集中！,henatatoo
【福岡・箱崎】新しいゲストハウスのプレオープンで宿泊してきた！,hakozaki-garden-guesthouse
誕生日を楽しむアイデア紹介！無料で受けれるサービスもまとめました,birthday
【全衣類を公開】旅好きな僕は服を統一、最小限でコンパクトに！,fuku
Youtubeチャンネル「masayaの旅道具」始めます！,youtube
【デイバッグの中身】フリーランスな僕の持ち物紹介,daybag
「やることがたくさん」で気が滅入ってしまう時の対処法・予防法,manythingstodo
福岡県内での引っ越し「一括見積もり」してみた【うきは市→福岡市】,hikkoshi
引っ越し業者は「大型家電・家具のみ」で利用すると安く済んでお得！,hikkoshi-yasuku
【月刊 inatabi】9月号 「Masaya29歳に」新しい活動、新しい仕事GET,sep2018
【天体好き向け】星・宇宙が好きな人へのおすすめプレゼント,tentai-gift
軽トラハウス「タビトラくん」自作キャンピングカーの機能・搭載荷物,tabitorakun
企業の生産性UPに一番大事なことは【社員の幸せ】を先に追求すること,koufuku-first
怪しくない「幸福学」の第一人者に聞いた幸せな人が持つ【4つの要因】,happy4
【幸せな人が持つ「4つの要素」】を知った僕が生活に取り入れたこと,jissen
【福岡の海外好き】向け情報まとめ「旅行・国際交流・留学・英会話」,fukuoka-international
【留学を個人手配】最安で留学できる「個人手配サポート」のススメ,langpedia
侍エンジニア塾の無料体験レッスンを受けた感想,samurai-muryo
【出品者視点アリ】中古品をオンライン購入。説明文と違う時の対処法,setsumeito-chigau
英語を勉強するメリットを定番から意外なものまで。学習モチベUPに！,eigo-merit
【旅育・留育とは？】旅・留学でグローバルな子育てを目指す両親必見,tabiiku-ryuiku
良評判「オーストラリア留学センター」おすすめ現地留学エージェント,australia-ryugaku
「これからの時代」の子育ての参考になる【ユニークな子育方法】,kosodate-info
ブログから仕事をもらい、生計を立てれるまでにやったこと【時期別】,blog-shigoto
レトロな「フィルムカメラ」初心者向け購入のポイントと修理方法,fiilmcamera-repair
英語・プログラミングなどの学習で大事にしている3つのこと,nounai
旅好きフリーランスが選ぶ【海外旅行にオススメの財布】4選,tabi-saifu
自己分析に役立つ「サイト・本・診断」4つを体験談と供に紹介！,jikobunseki
旅・留学、引っ越し等で荷物を預ける「貸し倉庫」サービスまとめ,nimotsu-azuke
自宅の空きスペースを有料の貸し倉庫に！AirBnBの物版「モノオク」,kashisoko
【田舎移住を失敗】半年で田舎を撤退した。その理由を書きます。,inakaiju-shippai
ノマドの田舎移住。改めて感じた「定住生活」のメリット,nomad-ijyu
福岡市へUターン！何度も戻ってきてる「福岡市」の魅力を語る。,uturn-fukuoka
softbank光のススメ！引っ越しに伴い光回線乗り換え、違約金無料！,softbankhikari
「縦の突っ張り棒」をDIY！賃貸でも壁や天井を好きに弄れるアイテム,tate-bou
【月刊 inatabi】10月号 「半年のうきは市生活を終え福岡市へ引っ越し」生活バランス崩壊中,oct2018
パソコン作業頑張り過ぎて生産性落とさないためのアプリ「Rest」,pc-rest
引っ越しが多い人は「組み立て式の収納ラック」がおしゃれで便利！,jiyu-rakku
ぐるぐるボケ出るオールドレンズ「HELIOS-44-2 2/58」をFujifilm X-T1に！,helios-44-2
福岡のおすすめ留学エージェント「NPOスマフラ留学」！僕が応援する理由,sumafura
Googleマイビジネスの悪評・事実と異なる口コミを書かれた時にできること,googlemap-review
コスパのいい生活を極めると「旅ができなくなる」！？でも続ける理由,kosupa-demerit
Amazonでの価格推移を把握してお得に買い物！Chromeアプリ「Keepa」,keepa
macbook Proにオススメの外部ディスプレイ「LG U3419W」,lg-u3419w
曲面ワイドディスプレイはデザイン用途でも問題ない？歪み気になる？,display-design
NPO法人などが無料 or 特別価格で利用できるITツール・サービス,npo-it
ルンバの効果は「掃除の自動化」だけでなく「家が片付く」,runba
大人のBBQをより楽しくする食材、料理、デザートまとめ,bbq-enjoy
軽トラハウスが繋ぐ縁が面白い！軽トラハウス長崎へ【レンタル２人目】,ktorahouse-rental2
引っ越し時「au光の撤去工事」の注意点→業者さんを信用しすぎてはいけない,auhikari
日本語キーボードから英語キーボードに変えた！その理由と感想,nihongo-eigo
キーボード「HHKB BT」に変えたら仕事のパソコン作業が楽しくなった,hhkb-bt
Macbookのバッテリー交換は電話申し込み、自宅引き取り→無料配達が便利！,macbook-battery
LOOOP電気は「基本料無料」で安い。福岡の拠点の電気代の節約に利用中,looop
外付けディスプレイ「曲面ウルトラワイドモニター」のデメリット,display-demelit
【福岡のオススメ地域】城南区の福大周辺は公園、飲食店が多く家賃が安い！,fuk-jonan
【机の上スッキリ】1台3役のMacbook垂直スタンドでヘッドフォン・iPadも,stand-headphone
フリーランスで在宅勤務な僕の「デスク周り」アイテム紹介,desk-item
【文字入力を高速化】アプリ「Dash」無料のスニペット機能,dash
【ハロウィン】カップル・夫婦におすすめのコスプレ！安くできて外国人うけもいい,kosupure-kappuru
お問い合わせ,wpcf7_contact_form-0
ブルーライトカットのメガネは不要！無料アプリf.luxで簡単に除去設定,bluelight-flux
超高還元2%のキャッシュバックを常に簡単に手に入れる「Kyash」,kyash
佐賀県唐津市 呼子町「加部島」と福岡の2拠点生活始めます！,kabeshima-start
ガジェットレンタル「レンタマ」で布団クリーナーレイコップを試してみた,rentama
和室を洋室に！DIYで無垢フローリング&amp;漆喰の壁、そして押入れデスク作り,watoyou-diy
【0円留学】フィリピンマニラで体験中！その仕組みや実態を公開するよ,0ryugaku
【WEB初心者でも簡単】LPを簡単に作る２つのおすすめツールと方法,lp-colorful
【ロゴ隠し】Uber Eats配達バッグ｜100円均一ダイソーのシート使用,hide_uberlogo
【配達バッグ改造】マジックテープ→マグネット化して配達効率UPを目指す！,magnet_ubag
